Order_ID,Order_Date,Customer_ID,Restaurant,Food_Category,Order_Value,Delivery_Time,Discount,Rating,Payment_Method,Distance,Order_Status
ORD0001,2025-01-01 00:00:00,CUST103,Food Hub,Burger,1493.06,18,15,4.1,Credit Card,7.2,Completed
ORD0002,2025-01-01 12:00:00,CUST271,Tasty Bites,Indian,886.26,43,0,3.2,UPI,6.27,Completed
ORD0003,2025-01-02 00:00:00,CUST107,Tasty Bites,Indian,269.07,33,20,4.9,Credit Card,6.14,Completed
ORD0004,2025-01-02 12:00:00,CUST072,Burger House,Dessert,969.28,57,25,3.5,Credit Card,8.36,Completed
ORD0005,2025-01-03 00:00:00,CUST189,Spice Kitchen,Burger,354.64,16,20,4.7,Credit Card,12.32,Completed
ORD0006,2025-01-03 12:00:00,CUST021,Food Hub,Chinese,191.77,24,25,3.3,Debit Card,6.06,Cancelled
ORD0007,2025-01-04 00:00:00,CUST103,Burger House,Indian,1460.5,57,15,4.7,Credit Card,8.34,Completed
ORD0008,2025-01-04 12:00:00,CUST122,Spice Kitchen,Dessert,1194.28,39,0,3.0,Cash,10.39,Completed
ORD0009,2025-01-05 00:00:00,CUST215,Spice Kitchen,Burger,1473.15,34,0,4.0,UPI,4.77,Completed
ORD0010,2025-01-05 12:00:00,CUST088,Pizza Point,Burger,795.14,33,25,4.5,Debit Card,4.89,Completed
ORD0011,2025-01-06 00:00:00,CUST100,Food Hub,Chinese,868.55,37,15,4.9,UPI,14.07,Cancelled
ORD0012,2025-01-06 12:00:00,CUST152,Spice Kitchen,Dessert,377.25,38,5,4.8,Debit Card,11.13,Completed
ORD0013,2025-01-07 00:00:00,CUST131,Burger House,Burger,483.33,25,20,4.6,Cash,9.08,Completed
ORD0014,2025-01-07 12:00:00,CUST150,Pizza Point,Indian,1282.04,60,20,4.8,Debit Card,10.07,Completed
ORD0015,2025-01-08 00:00:00,CUST258,Food Hub,Chinese,630.85,48,10,3.4,Debit Card,1.41,Cancelled
ORD0016,2025-01-08 12:00:00,CUST294,Tasty Bites,Dessert,1266.2,42,15,3.6,Debit Card,9.65,Completed
ORD0017,2025-01-09 00:00:00,CUST192,Burger House,Chinese,1107.17,19,10,3.6,UPI,8.13,Completed
ORD0018,2025-01-09 12:00:00,CUST277,Spice Kitchen,Indian,389.18,19,25,3.8,Credit Card,8.64,Completed
ORD0019,2025-01-10 00:00:00,CUST161,Spice Kitchen,Dessert,835.05,35,10,3.8,UPI,6.03,Completed
ORD0020,2025-01-10 12:00:00,CUST022,Burger House,Chinese,1064.47,26,0,4.1,Credit Card,2.14,Completed
ORD0021,2025-01-11 00:00:00,CUST253,Spice Kitchen,Pizza,467.3,18,20,3.3,UPI,3.71,Completed
ORD0022,2025-01-11 12:00:00,CUST236,Pizza Point,Indian,1271.43,56,10,4.4,Cash,14.31,Completed
ORD0023,2025-01-12 00:00:00,CUST049,Food Hub,Indian,885.52,34,0,3.3,Cash,6.72,Completed
ORD0024,2025-01-12 12:00:00,CUST059,Pizza Point,Indian,373.08,52,15,3.6,Debit Card,7.53,Completed
ORD0025,2025-01-13 00:00:00,CUST170,Spice Kitchen,Pizza,937.03,39,10,4.0,Cash,1.74,Completed
ORD0026,2025-01-13 12:00:00,CUST188,Tasty Bites,Pizza,1499.61,28,25,4.6,Debit Card,1.53,Completed
ORD0027,2025-01-14 00:00:00,CUST271,Food Hub,Burger,353.2,25,25,4.5,Credit Card,11.04,Completed
ORD0028,2025-01-14 12:00:00,CUST190,Food Hub,Chinese,1252.62,46,25,4.3,Cash,8.53,Cancelled
ORD0029,2025-01-15 00:00:00,CUST175,Burger House,Burger,429.87,25,20,3.3,Credit Card,8.12,Completed
ORD0030,2025-01-15 12:00:00,CUST051,Burger House,Chinese,1206.22,32,10,4.1,UPI,4.4,Completed
ORD0031,2025-01-16 00:00:00,CUST055,Tasty Bites,Pizza,1141.68,41,15,3.2,Credit Card,11.43,Completed
ORD0032,2025-01-16 12:00:00,CUST244,Food Hub,Pizza,555.66,32,10,3.8,UPI,3.36,Completed
ORD0033,2025-01-17 00:00:00,CUST131,Tasty Bites,Burger,589.86,37,20,3.8,Credit Card,3.66,Completed
ORD0034,2025-01-17 12:00:00,CUST135,Burger House,Dessert,1219.9,25,0,3.1,Credit Card,7.45,Completed
ORD0035,2025-01-18 00:00:00,CUST021,Burger House,Burger,772.95,35,20,3.5,Cash,5.01,Completed
ORD0036,2025-01-18 12:00:00,CUST167,Food Hub,Chinese,1136.6,58,25,4.9,Credit Card,4.46,Cancelled
ORD0037,2025-01-19 00:00:00,CUST274,Pizza Point,Burger,349.78,19,0,4.9,Cash,10.03,Completed
ORD0038,2025-01-19 12:00:00,CUST089,Spice Kitchen,Indian,1300.95,37,25,3.7,Cash,10.11,Completed
ORD0039,2025-01-20 00:00:00,CUST014,Burger House,Chinese,1109.69,55,5,3.1,Debit Card,12.54,Completed
ORD0040,2025-01-20 12:00:00,CUST242,Burger House,Chinese,1374.37,39,20,3.4,Debit Card,6.85,Completed
ORD0041,2025-01-21 00:00:00,CUST265,Pizza Point,Dessert,328.7,55,20,3.8,UPI,2.02,Completed
ORD0042,2025-01-21 12:00:00,CUST053,Pizza Point,Pizza,950.57,24,15,4.9,Credit Card,4.83,Completed
ORD0043,2025-01-22 00:00:00,CUST092,Tasty Bites,Chinese,958.81,36,10,3.3,UPI,14.72,Completed
ORD0044,2025-01-22 12:00:00,CUST264,Tasty Bites,Pizza,627.17,33,0,4.5,Credit Card,9.35,Completed
ORD0045,2025-01-23 00:00:00,CUST035,Spice Kitchen,Burger,768.93,15,0,3.2,Debit Card,10.94,Cancelled
ORD0046,2025-01-23 12:00:00,CUST206,Spice Kitchen,Indian,201.28,21,15,5.0,Debit Card,1.1,Completed
ORD0047,2025-01-24 00:00:00,CUST081,Food Hub,Dessert,1156.91,18,15,3.8,Credit Card,8.25,Completed
ORD0048,2025-01-24 12:00:00,CUST050,Tasty Bites,Pizza,891.59,15,10,4.6,Credit Card,1.53,Completed
ORD0049,2025-01-25 00:00:00,CUST002,Burger House,Chinese,227.95,29,25,3.7,Debit Card,8.97,Completed
ORD0050,2025-01-25 12:00:00,CUST054,Tasty Bites,Pizza,1069.02,54,10,4.3,Debit Card,13.89,Completed
ORD0051,2025-01-26 00:00:00,CUST106,Burger House,Chinese,780.16,26,20,3.4,UPI,14.56,Completed
ORD0052,2025-01-26 12:00:00,CUST260,Pizza Point,Pizza,196.52,36,25,3.3,Debit Card,8.57,Cancelled
ORD0053,2025-01-27 00:00:00,CUST191,Tasty Bites,Chinese,1458.97,36,5,4.9,Credit Card,7.41,Cancelled
ORD0054,2025-01-27 12:00:00,CUST218,Pizza Point,Burger,1431.3,31,10,4.8,UPI,14.23,Completed
ORD0055,2025-01-28 00:00:00,CUST044,Spice Kitchen,Chinese,842.42,43,15,4.8,Credit Card,10.43,Completed
ORD0056,2025-01-28 12:00:00,CUST162,Spice Kitchen,Chinese,276.46,60,25,4.3,Cash,1.91,Completed
ORD0057,2025-01-29 00:00:00,CUST202,Food Hub,Indian,1168.74,28,10,4.6,UPI,7.52,Completed
ORD0058,2025-01-29 12:00:00,CUST270,Tasty Bites,Chinese,814.11,34,0,3.1,Credit Card,4.36,Completed
ORD0059,2025-01-30 00:00:00,CUST271,Pizza Point,Indian,558.3,47,5,3.7,Debit Card,7.58,Completed
ORD0060,2025-01-30 12:00:00,CUST215,Burger House,Dessert,813.41,57,20,3.6,Cash,7.38,Completed
ORD0061,2025-01-31 00:00:00,CUST252,Spice Kitchen,Indian,855.3,29,0,4.3,Credit Card,9.15,Completed
ORD0062,2025-01-31 12:00:00,CUST190,Spice Kitchen,Burger,909.66,26,0,3.7,UPI,5.99,Completed
ORD0063,2025-02-01 00:00:00,CUST296,Burger House,Indian,745.65,54,5,3.3,Credit Card,3.3,Completed
ORD0064,2025-02-01 12:00:00,CUST213,Pizza Point,Dessert,967.77,34,20,4.2,Cash,8.05,Completed
ORD0065,2025-02-02 00:00:00,CUST208,Pizza Point,Burger,1390.29,44,15,4.6,UPI,12.62,Completed
ORD0066,2025-02-02 12:00:00,CUST237,Tasty Bites,Pizza,639.06,52,25,3.8,Cash,10.3,Completed
ORD0067,2025-02-03 00:00:00,CUST053,Tasty Bites,Pizza,1129.72,17,20,3.3,Credit Card,5.74,Completed
ORD0068,2025-02-03 12:00:00,CUST280,Food Hub,Indian,1357.51,42,10,3.4,Debit Card,14.1,Completed
ORD0069,2025-02-04 00:00:00,CUST217,Spice Kitchen,Indian,765.57,40,0,3.5,Debit Card,13.77,Completed
ORD0070,2025-02-04 12:00:00,CUST252,Tasty Bites,Dessert,748.67,44,10,3.6,Credit Card,3.93,Completed
ORD0071,2025-02-05 00:00:00,CUST188,Pizza Point,Dessert,962.86,27,15,4.3,Credit Card,1.55,Completed
ORD0072,2025-02-05 12:00:00,CUST041,Burger House,Chinese,948.4,27,10,4.2,Credit Card,11.38,Completed
ORD0073,2025-02-06 00:00:00,CUST157,Pizza Point,Dessert,1238.9,16,20,4.4,UPI,12.59,Completed
ORD0074,2025-02-06 12:00:00,CUST015,Spice Kitchen,Chinese,793.25,51,10,3.7,Cash,14.55,Completed
ORD0075,2025-02-07 00:00:00,CUST065,Pizza Point,Burger,1494.77,52,15,4.6,Cash,13.46,Completed
ORD0076,2025-02-07 12:00:00,CUST009,Food Hub,Indian,230.29,16,15,3.4,Cash,9.41,Completed
ORD0077,2025-02-08 00:00:00,CUST129,Spice Kitchen,Burger,154.28,50,15,3.9,Credit Card,8.42,Completed
ORD0078,2025-02-08 12:00:00,CUST136,Burger House,Dessert,1014.27,40,20,4.6,Cash,1.39,Cancelled
ORD0079,2025-02-09 00:00:00,CUST063,Food Hub,Burger,552.89,25,15,3.4,Credit Card,4.45,Completed
ORD0080,2025-02-09 12:00:00,CUST139,Spice Kitchen,Burger,474.52,22,0,3.2,UPI,7.43,Completed
ORD0081,2025-02-10 00:00:00,CUST081,Burger House,Burger,571.06,58,15,4.8,Debit Card,9.8,Completed
ORD0082,2025-02-10 12:00:00,CUST163,Food Hub,Dessert,495.66,54,10,3.7,Credit Card,8.8,Completed
ORD0083,2025-02-11 00:00:00,CUST289,Food Hub,Burger,191.57,57,25,4.4,Credit Card,11.4,Cancelled
ORD0084,2025-02-11 12:00:00,CUST261,Spice Kitchen,Chinese,1461.57,36,10,3.1,Debit Card,4.92,Completed
ORD0085,2025-02-12 00:00:00,CUST231,Tasty Bites,Dessert,448.01,34,25,4.4,Debit Card,8.91,Completed
ORD0086,2025-02-12 12:00:00,CUST041,Food Hub,Burger,1140.94,22,10,3.6,UPI,2.23,Completed
ORD0087,2025-02-13 00:00:00,CUST028,Food Hub,Dessert,1179.51,43,20,3.1,Cash,6.79,Completed
ORD0088,2025-02-13 12:00:00,CUST135,Burger House,Pizza,1404.5,54,10,4.2,Credit Card,11.5,Completed
ORD0089,2025-02-14 00:00:00,CUST201,Pizza Point,Chinese,191.24,40,20,3.5,Cash,10.71,Completed
ORD0090,2025-02-14 12:00:00,CUST268,Spice Kitchen,Burger,1327.27,44,20,3.8,Credit Card,14.87,Completed
ORD0091,2025-02-15 00:00:00,CUST033,Spice Kitchen,Pizza,861.76,31,15,3.2,UPI,4.89,Completed
ORD0092,2025-02-15 12:00:00,CUST048,Tasty Bites,Pizza,1003.93,34,0,3.3,Debit Card,7.97,Completed
ORD0093,2025-02-16 00:00:00,CUST062,Tasty Bites,Dessert,1020.03,30,25,3.6,UPI,5.61,Completed
ORD0094,2025-02-16 12:00:00,CUST216,Spice Kitchen,Pizza,1256.73,60,15,3.2,Debit Card,7.17,Completed
ORD0095,2025-02-17 00:00:00,CUST293,Tasty Bites,Chinese,600.1,57,15,4.8,Cash,13.0,Completed
ORD0096,2025-02-17 12:00:00,CUST099,Burger House,Chinese,1139.62,21,20,3.0,Cash,10.58,Completed
ORD0097,2025-02-18 00:00:00,CUST172,Spice Kitchen,Indian,863.58,30,20,4.0,UPI,13.35,Completed
ORD0098,2025-02-18 12:00:00,CUST214,Tasty Bites,Chinese,1221.08,59,25,3.2,Debit Card,3.85,Completed
ORD0099,2025-02-19 00:00:00,CUST035,Spice Kitchen,Pizza,1487.24,41,10,3.6,UPI,13.23,Completed
ORD0100,2025-02-19 12:00:00,CUST227,Pizza Point,Chinese,420.88,37,10,4.9,Debit Card,1.84,Completed
ORD0101,2025-02-20 00:00:00,CUST101,Food Hub,Dessert,1492.78,38,15,3.3,Debit Card,13.44,Completed
ORD0102,2025-02-20 12:00:00,CUST131,Spice Kitchen,Indian,271.25,23,5,4.9,Cash,5.61,Completed
ORD0103,2025-02-21 00:00:00,CUST257,Food Hub,Pizza,153.13,49,5,3.4,Cash,5.4,Cancelled
ORD0104,2025-02-21 12:00:00,CUST005,Tasty Bites,Indian,209.62,34,10,4.5,Debit Card,8.17,Completed
ORD0105,2025-02-22 00:00:00,CUST218,Food Hub,Pizza,611.41,51,5,4.1,Debit Card,14.17,Completed
ORD0106,2025-02-22 12:00:00,CUST255,Spice Kitchen,Dessert,1004.42,56,10,4.8,Debit Card,1.67,Completed
ORD0107,2025-02-23 00:00:00,CUST283,Pizza Point,Indian,243.19,31,20,4.1,Cash,5.93,Completed
ORD0108,2025-02-23 12:00:00,CUST207,Tasty Bites,Burger,157.65,45,15,4.1,Cash,12.99,Completed
ORD0109,2025-02-24 00:00:00,CUST015,Spice Kitchen,Pizza,1415.07,22,0,3.4,Credit Card,6.54,Completed
ORD0110,2025-02-24 12:00:00,CUST042,Tasty Bites,Burger,1259.6,29,15,3.3,Debit Card,3.79,Completed
ORD0111,2025-02-25 00:00:00,CUST179,Burger House,Indian,1242.4,45,10,4.8,Credit Card,6.95,Completed
ORD0112,2025-02-25 12:00:00,CUST063,Food Hub,Burger,1343.97,44,10,3.7,Debit Card,6.4,Completed
ORD0113,2025-02-26 00:00:00,CUST231,Burger House,Burger,1095.05,60,15,3.7,Cash,13.82,Completed
ORD0114,2025-02-26 12:00:00,CUST241,Spice Kitchen,Indian,290.95,34,25,4.5,Credit Card,11.67,Completed
ORD0115,2025-02-27 00:00:00,CUST052,Pizza Point,Dessert,688.79,53,10,3.7,Credit Card,8.07,Completed
ORD0116,2025-02-27 12:00:00,CUST096,Tasty Bites,Burger,1126.25,26,5,4.9,UPI,14.84,Completed
ORD0117,2025-02-28 00:00:00,CUST222,Food Hub,Burger,528.45,31,5,4.5,Debit Card,7.51,Completed
ORD0118,2025-02-28 12:00:00,CUST231,Tasty Bites,Dessert,1078.0,56,10,4.2,Cash,1.82,Completed
ORD0119,2025-03-01 00:00:00,CUST237,Spice Kitchen,Burger,183.07,44,10,4.8,UPI,4.67,Completed
ORD0120,2025-03-01 12:00:00,CUST143,Tasty Bites,Burger,563.29,43,25,3.1,UPI,7.1,Completed
ORD0121,2025-03-02 00:00:00,CUST171,Food Hub,Burger,891.33,33,5,3.5,Debit Card,3.2,Completed
ORD0122,2025-03-02 12:00:00,CUST029,Spice Kitchen,Chinese,1003.32,60,10,3.9,UPI,14.27,Completed
ORD0123,2025-03-03 00:00:00,CUST036,Tasty Bites,Dessert,929.0,25,10,3.5,Debit Card,11.74,Completed
ORD0124,2025-03-03 12:00:00,CUST013,Pizza Point,Burger,1091.97,48,25,4.5,UPI,4.76,Completed
ORD0125,2025-03-04 00:00:00,CUST160,Spice Kitchen,Dessert,158.22,21,25,4.8,Debit Card,9.27,Completed
ORD0126,2025-03-04 12:00:00,CUST187,Spice Kitchen,Pizza,286.27,58,15,3.8,Cash,11.1,Completed
ORD0127,2025-03-05 00:00:00,CUST243,Pizza Point,Pizza,1323.07,48,25,3.7,Debit Card,14.18,Completed
ORD0128,2025-03-05 12:00:00,CUST086,Burger House,Burger,1070.36,34,0,4.9,Debit Card,13.34,Completed
ORD0129,2025-03-06 00:00:00,CUST284,Food Hub,Dessert,302.46,52,5,3.9,Credit Card,8.21,Completed
ORD0130,2025-03-06 12:00:00,CUST066,Burger House,Dessert,1286.8,38,15,4.0,Cash,11.85,Completed
ORD0131,2025-03-07 00:00:00,CUST170,Tasty Bites,Dessert,477.01,24,0,3.7,Cash,8.87,Completed
ORD0132,2025-03-07 12:00:00,CUST045,Pizza Point,Chinese,795.65,46,10,4.8,Cash,8.74,Completed
ORD0133,2025-03-08 00:00:00,CUST062,Burger House,Pizza,346.02,29,10,4.1,UPI,2.61,Completed
ORD0134,2025-03-08 12:00:00,CUST134,Spice Kitchen,Dessert,1108.65,51,15,4.5,Credit Card,2.77,Completed
ORD0135,2025-03-09 00:00:00,CUST284,Tasty Bites,Dessert,1050.25,34,25,4.6,Cash,8.41,Completed
ORD0136,2025-03-09 12:00:00,CUST028,Tasty Bites,Chinese,435.0,17,10,3.7,UPI,4.76,Completed
ORD0137,2025-03-10 00:00:00,CUST108,Burger House,Chinese,1315.59,51,20,3.9,UPI,1.29,Completed
ORD0138,2025-03-10 12:00:00,CUST044,Burger House,Dessert,691.76,54,15,4.7,UPI,11.12,Completed
ORD0139,2025-03-11 00:00:00,CUST286,Pizza Point,Indian,544.9,22,0,3.7,Credit Card,1.45,Completed
ORD0140,2025-03-11 12:00:00,CUST128,Food Hub,Dessert,355.64,54,15,4.6,UPI,9.33,Completed
ORD0141,2025-03-12 00:00:00,CUST231,Burger House,Dessert,509.33,58,5,4.9,Credit Card,8.55,Completed
ORD0142,2025-03-12 12:00:00,CUST190,Burger House,Chinese,179.74,37,25,4.2,Debit Card,14.56,Completed
ORD0143,2025-03-13 00:00:00,CUST225,Spice Kitchen,Chinese,937.4,54,25,4.5,UPI,7.78,Completed
ORD0144,2025-03-13 12:00:00,CUST283,Tasty Bites,Dessert,1287.01,25,15,4.6,Cash,1.89,Completed
ORD0145,2025-03-14 00:00:00,CUST121,Food Hub,Dessert,891.12,60,10,4.7,UPI,8.72,Completed
ORD0146,2025-03-14 12:00:00,CUST116,Spice Kitchen,Dessert,446.02,22,10,3.8,Debit Card,12.78,Completed
ORD0147,2025-03-15 00:00:00,CUST233,Pizza Point,Chinese,195.45,43,20,3.1,Debit Card,14.96,Completed
ORD0148,2025-03-15 12:00:00,CUST259,Pizza Point,Dessert,439.75,44,20,3.8,UPI,7.02,Completed
ORD0149,2025-03-16 00:00:00,CUST198,Burger House,Dessert,711.76,24,25,4.3,Debit Card,5.48,Completed
ORD0150,2025-03-16 12:00:00,CUST137,Burger House,Burger,1175.48,53,20,3.9,Credit Card,13.69,Completed
ORD0151,2025-03-17 00:00:00,CUST165,Pizza Point,Indian,403.59,42,0,4.5,Credit Card,3.68,Cancelled
ORD0152,2025-03-17 12:00:00,CUST225,Burger House,Pizza,1121.72,50,20,3.7,UPI,9.62,Completed
ORD0153,2025-03-18 00:00:00,CUST234,Food Hub,Indian,1320.36,27,0,4.3,Credit Card,6.68,Completed
ORD0154,2025-03-18 12:00:00,CUST172,Burger House,Burger,762.83,46,20,3.4,Credit Card,1.58,Completed
ORD0155,2025-03-19 00:00:00,CUST152,Tasty Bites,Pizza,1258.93,50,25,4.5,Cash,5.86,Completed
ORD0156,2025-03-19 12:00:00,CUST160,Burger House,Dessert,898.79,51,25,4.1,UPI,4.71,Completed
ORD0157,2025-03-20 00:00:00,CUST096,Spice Kitchen,Burger,1010.07,40,0,3.4,Debit Card,10.61,Completed
ORD0158,2025-03-20 12:00:00,CUST233,Food Hub,Dessert,860.48,36,15,3.6,UPI,14.28,Completed
ORD0159,2025-03-21 00:00:00,CUST180,Spice Kitchen,Chinese,775.28,18,25,4.5,Credit Card,4.75,Completed
ORD0160,2025-03-21 12:00:00,CUST113,Spice Kitchen,Burger,466.78,45,15,4.0,Cash,12.36,Completed
ORD0161,2025-03-22 00:00:00,CUST052,Tasty Bites,Chinese,559.31,32,10,3.4,UPI,1.78,Completed
ORD0162,2025-03-22 12:00:00,CUST268,Food Hub,Burger,541.46,52,0,4.9,UPI,8.53,Completed
ORD0163,2025-03-23 00:00:00,CUST295,Food Hub,Burger,910.44,38,25,4.4,Credit Card,1.99,Completed
ORD0164,2025-03-23 12:00:00,CUST113,Food Hub,Chinese,311.94,37,5,4.9,Credit Card,14.08,Completed
ORD0165,2025-03-24 00:00:00,CUST101,Food Hub,Pizza,1387.67,36,10,3.9,UPI,11.73,Completed
ORD0166,2025-03-24 12:00:00,CUST113,Food Hub,Indian,1122.88,16,15,4.0,Credit Card,10.21,Completed
ORD0167,2025-03-25 00:00:00,CUST081,Tasty Bites,Dessert,691.95,45,25,4.8,Credit Card,12.53,Completed
ORD0168,2025-03-25 12:00:00,CUST187,Burger House,Burger,364.14,25,0,4.1,Credit Card,10.07,Completed
ORD0169,2025-03-26 00:00:00,CUST113,Spice Kitchen,Dessert,1340.69,42,20,4.4,Credit Card,14.57,Completed
ORD0170,2025-03-26 12:00:00,CUST002,Food Hub,Chinese,1262.1,60,5,3.5,Credit Card,11.0,Completed
ORD0171,2025-03-27 00:00:00,CUST130,Burger House,Dessert,1124.32,46,15,3.9,Cash,13.95,Completed
ORD0172,2025-03-27 12:00:00,CUST220,Burger House,Chinese,516.59,19,10,3.2,Credit Card,8.24,Completed
ORD0173,2025-03-28 00:00:00,CUST054,Spice Kitchen,Dessert,693.3,52,0,3.4,Debit Card,2.64,Completed
ORD0174,2025-03-28 12:00:00,CUST224,Tasty Bites,Indian,288.71,24,5,3.0,UPI,8.39,Completed
ORD0175,2025-03-29 00:00:00,CUST225,Pizza Point,Indian,405.2,54,0,3.1,Cash,2.78,Completed
ORD0176,2025-03-29 12:00:00,CUST126,Pizza Point,Indian,1207.07,60,25,5.0,Cash,9.29,Completed
ORD0177,2025-03-30 00:00:00,CUST130,Burger House,Indian,1115.3,38,20,3.5,Credit Card,7.75,Completed
ORD0178,2025-03-30 12:00:00,CUST053,Spice Kitchen,Indian,951.21,49,10,4.3,UPI,9.72,Completed
ORD0179,2025-03-31 00:00:00,CUST172,Pizza Point,Indian,1359.23,58,0,4.7,Debit Card,1.14,Completed
ORD0180,2025-03-31 12:00:00,CUST218,Burger House,Chinese,937.41,37,15,4.1,Credit Card,3.73,Completed
ORD0181,2025-04-01 00:00:00,CUST160,Tasty Bites,Burger,780.41,31,25,3.3,UPI,7.88,Completed
ORD0182,2025-04-01 12:00:00,CUST198,Pizza Point,Dessert,609.5,15,25,4.5,Credit Card,14.31,Completed
ORD0183,2025-04-02 00:00:00,CUST247,Burger House,Indian,1419.61,45,10,4.2,Credit Card,6.37,Cancelled
ORD0184,2025-04-02 12:00:00,CUST203,Burger House,Chinese,261.67,45,25,4.5,Credit Card,6.94,Completed
ORD0185,2025-04-03 00:00:00,CUST184,Food Hub,Chinese,1406.7,56,15,4.5,Credit Card,11.01,Completed
ORD0186,2025-04-03 12:00:00,CUST123,Tasty Bites,Chinese,1266.06,56,0,5.0,Credit Card,9.45,Completed
ORD0187,2025-04-04 00:00:00,CUST255,Food Hub,Burger,325.41,48,10,4.1,Credit Card,5.18,Completed
ORD0188,2025-04-04 12:00:00,CUST294,Spice Kitchen,Dessert,912.73,23,25,3.7,Credit Card,6.75,Completed
ORD0189,2025-04-05 00:00:00,CUST280,Food Hub,Burger,1319.84,36,25,4.3,Debit Card,4.05,Completed
ORD0190,2025-04-05 12:00:00,CUST098,Food Hub,Pizza,921.94,27,15,3.1,Cash,14.52,Completed
ORD0191,2025-04-06 00:00:00,CUST198,Pizza Point,Chinese,1374.72,39,20,4.8,Debit Card,2.83,Completed
ORD0192,2025-04-06 12:00:00,CUST240,Burger House,Pizza,1423.03,32,20,3.2,Credit Card,6.21,Completed
ORD0193,2025-04-07 00:00:00,CUST144,Tasty Bites,Indian,720.22,26,25,3.7,Credit Card,1.36,Completed
ORD0194,2025-04-07 12:00:00,CUST097,Food Hub,Indian,659.37,54,0,4.6,Debit Card,4.1,Completed
ORD0195,2025-04-08 00:00:00,CUST201,Tasty Bites,Burger,1414.03,31,10,4.2,Debit Card,11.93,Completed
ORD0196,2025-04-08 12:00:00,CUST124,Food Hub,Dessert,1061.44,29,25,3.8,Cash,3.82,Completed
ORD0197,2025-04-09 00:00:00,CUST187,Spice Kitchen,Pizza,306.63,56,5,3.9,Debit Card,2.12,Completed
ORD0198,2025-04-09 12:00:00,CUST259,Food Hub,Dessert,207.09,29,10,4.7,Cash,7.64,Completed
ORD0199,2025-04-10 00:00:00,CUST148,Pizza Point,Burger,912.25,29,20,3.7,Credit Card,1.14,Completed
ORD0200,2025-04-10 12:00:00,CUST252,Burger House,Indian,1405.73,53,25,4.7,UPI,2.19,Completed
ORD0201,2025-04-11 00:00:00,CUST147,Spice Kitchen,Dessert,1289.74,27,15,3.2,UPI,12.31,Cancelled
ORD0202,2025-04-11 12:00:00,CUST148,Food Hub,Dessert,1062.39,31,5,4.6,UPI,11.8,Completed
ORD0203,2025-04-12 00:00:00,CUST199,Tasty Bites,Indian,337.81,46,25,4.7,UPI,13.81,Completed
ORD0204,2025-04-12 12:00:00,CUST128,Spice Kitchen,Pizza,493.21,23,0,3.4,Credit Card,12.96,Completed
ORD0205,2025-04-13 00:00:00,CUST039,Spice Kitchen,Indian,1331.94,54,5,3.9,UPI,10.56,Cancelled
ORD0206,2025-04-13 12:00:00,CUST129,Food Hub,Dessert,396.79,34,25,3.3,Debit Card,1.73,Completed
ORD0207,2025-04-14 00:00:00,CUST267,Spice Kitchen,Pizza,525.89,40,0,4.4,Debit Card,11.96,Cancelled
ORD0208,2025-04-14 12:00:00,CUST151,Tasty Bites,Pizza,324.96,41,5,4.1,UPI,12.84,Completed
ORD0209,2025-04-15 00:00:00,CUST298,Spice Kitchen,Indian,1062.75,35,0,4.3,Debit Card,12.19,Completed
ORD0210,2025-04-15 12:00:00,CUST099,Tasty Bites,Dessert,1424.38,32,0,3.4,Cash,8.12,Completed
ORD0211,2025-04-16 00:00:00,CUST263,Food Hub,Burger,513.11,27,5,3.4,Credit Card,4.26,Completed
ORD0212,2025-04-16 12:00:00,CUST252,Burger House,Dessert,791.8,30,5,3.1,UPI,12.83,Completed
ORD0213,2025-04-17 00:00:00,CUST144,Spice Kitchen,Chinese,1006.36,23,0,3.6,UPI,11.18,Completed
ORD0214,2025-04-17 12:00:00,CUST112,Burger House,Burger,1499.28,26,20,4.1,Credit Card,14.73,Completed
ORD0215,2025-04-18 00:00:00,CUST060,Tasty Bites,Pizza,291.49,58,5,4.7,Debit Card,3.18,Completed
ORD0216,2025-04-18 12:00:00,CUST002,Spice Kitchen,Burger,823.07,52,25,4.3,Credit Card,4.16,Completed
ORD0217,2025-04-19 00:00:00,CUST254,Pizza Point,Pizza,669.91,33,10,3.9,Credit Card,3.97,Completed
ORD0218,2025-04-19 12:00:00,CUST140,Burger House,Pizza,1318.86,21,15,4.9,Debit Card,12.1,Completed
ORD0219,2025-04-20 00:00:00,CUST037,Spice Kitchen,Burger,792.56,49,0,4.4,Credit Card,3.62,Completed
ORD0220,2025-04-20 12:00:00,CUST160,Burger House,Pizza,299.82,32,0,4.9,Debit Card,1.93,Completed
ORD0221,2025-04-21 00:00:00,CUST009,Spice Kitchen,Pizza,1006.47,30,15,4.1,Debit Card,14.98,Completed
ORD0222,2025-04-21 12:00:00,CUST233,Food Hub,Chinese,1190.55,53,20,3.5,Credit Card,1.35,Completed
ORD0223,2025-04-22 00:00:00,CUST099,Burger House,Dessert,153.89,18,15,3.1,Cash,12.69,Completed
ORD0224,2025-04-22 12:00:00,CUST147,Pizza Point,Dessert,1309.59,39,5,4.5,Debit Card,6.12,Completed
ORD0225,2025-04-23 00:00:00,CUST208,Pizza Point,Chinese,401.13,46,15,3.2,Credit Card,12.78,Completed
ORD0226,2025-04-23 12:00:00,CUST131,Tasty Bites,Burger,895.29,54,0,3.6,Debit Card,8.76,Completed
ORD0227,2025-04-24 00:00:00,CUST152,Spice Kitchen,Indian,711.33,27,15,4.1,Cash,13.62,Completed
ORD0228,2025-04-24 12:00:00,CUST054,Burger House,Indian,1121.53,59,10,4.1,Cash,13.97,Completed
ORD0229,2025-04-25 00:00:00,CUST120,Tasty Bites,Indian,651.07,31,25,4.2,UPI,1.13,Completed
ORD0230,2025-04-25 12:00:00,CUST161,Burger House,Chinese,1324.18,51,5,3.3,Debit Card,2.06,Completed
ORD0231,2025-04-26 00:00:00,CUST116,Spice Kitchen,Chinese,1136.17,20,15,3.8,Debit Card,4.51,Completed
ORD0232,2025-04-26 12:00:00,CUST075,Pizza Point,Pizza,1024.41,33,0,4.2,Credit Card,10.37,Completed
ORD0233,2025-04-27 00:00:00,CUST113,Food Hub,Indian,1224.92,27,25,4.9,Debit Card,13.44,Completed
ORD0234,2025-04-27 12:00:00,CUST104,Pizza Point,Burger,1167.93,40,5,4.5,UPI,7.44,Completed
ORD0235,2025-04-28 00:00:00,CUST254,Tasty Bites,Burger,198.52,28,0,4.8,Cash,9.5,Completed
ORD0236,2025-04-28 12:00:00,CUST227,Food Hub,Indian,682.89,45,20,4.5,Cash,3.64,Completed
ORD0237,2025-04-29 00:00:00,CUST112,Tasty Bites,Indian,1406.59,18,10,4.2,UPI,12.27,Completed
ORD0238,2025-04-29 12:00:00,CUST099,Spice Kitchen,Indian,319.73,53,20,3.4,Debit Card,14.54,Completed
ORD0239,2025-04-30 00:00:00,CUST153,Food Hub,Chinese,1145.08,22,10,4.3,Debit Card,4.76,Cancelled
ORD0240,2025-04-30 12:00:00,CUST194,Tasty Bites,Chinese,1465.7,39,15,4.2,UPI,7.93,Completed
ORD0241,2025-05-01 00:00:00,CUST163,Spice Kitchen,Chinese,220.47,27,5,4.2,Credit Card,2.21,Completed
ORD0242,2025-05-01 12:00:00,CUST208,Pizza Point,Dessert,1070.96,46,15,4.0,Cash,8.83,Completed
ORD0243,2025-05-02 00:00:00,CUST169,Spice Kitchen,Burger,782.01,52,10,4.1,UPI,8.04,Completed
ORD0244,2025-05-02 12:00:00,CUST161,Burger House,Burger,931.89,52,10,3.7,UPI,3.02,Completed
ORD0245,2025-05-03 00:00:00,CUST068,Spice Kitchen,Pizza,265.21,42,10,4.0,Debit Card,7.19,Completed
ORD0246,2025-05-03 12:00:00,CUST289,Spice Kitchen,Chinese,208.06,44,25,3.4,Cash,5.68,Cancelled
ORD0247,2025-05-04 00:00:00,CUST277,Burger House,Dessert,1050.27,17,0,4.6,Debit Card,8.31,Completed
ORD0248,2025-05-04 12:00:00,CUST135,Tasty Bites,Dessert,1261.47,42,5,3.4,UPI,9.2,Completed
ORD0249,2025-05-05 00:00:00,CUST195,Tasty Bites,Burger,1205.72,17,15,3.2,Credit Card,1.12,Completed
ORD0250,2025-05-05 12:00:00,CUST128,Spice Kitchen,Chinese,884.14,59,15,3.9,Cash,11.65,Completed
ORD0251,2025-05-06 00:00:00,CUST033,Burger House,Pizza,284.82,48,20,4.3,UPI,10.98,Completed
ORD0252,2025-05-06 12:00:00,CUST176,Burger House,Chinese,1078.86,30,10,3.9,UPI,6.13,Completed
ORD0253,2025-05-07 00:00:00,CUST022,Pizza Point,Indian,476.55,36,10,3.6,Credit Card,1.74,Completed
ORD0254,2025-05-07 12:00:00,CUST238,Tasty Bites,Chinese,1379.94,46,10,4.1,UPI,11.57,Completed
ORD0255,2025-05-08 00:00:00,CUST158,Food Hub,Indian,1281.66,52,15,3.7,UPI,14.37,Completed
ORD0256,2025-05-08 12:00:00,CUST038,Tasty Bites,Indian,1107.67,22,20,4.9,Cash,4.36,Completed
ORD0257,2025-05-09 00:00:00,CUST230,Tasty Bites,Pizza,1430.94,22,0,4.8,Cash,5.53,Completed
ORD0258,2025-05-09 12:00:00,CUST051,Pizza Point,Burger,192.42,20,25,4.0,Cash,3.57,Completed
ORD0259,2025-05-10 00:00:00,CUST264,Food Hub,Chinese,1143.87,28,5,3.7,Debit Card,9.08,Completed
ORD0260,2025-05-10 12:00:00,CUST283,Pizza Point,Indian,595.83,46,0,4.5,Credit Card,3.17,Completed
ORD0261,2025-05-11 00:00:00,CUST027,Food Hub,Chinese,1373.19,49,15,3.1,Cash,5.99,Completed
ORD0262,2025-05-11 12:00:00,CUST226,Spice Kitchen,Burger,510.01,24,25,3.9,Debit Card,10.76,Completed
ORD0263,2025-05-12 00:00:00,CUST277,Food Hub,Burger,1128.56,17,25,3.7,Debit Card,8.84,Completed
ORD0264,2025-05-12 12:00:00,CUST286,Pizza Point,Dessert,1334.82,26,25,4.8,Credit Card,6.41,Completed
ORD0265,2025-05-13 00:00:00,CUST097,Tasty Bites,Burger,206.24,45,10,3.0,Credit Card,6.88,Completed
ORD0266,2025-05-13 12:00:00,CUST284,Food Hub,Pizza,686.82,43,5,4.1,UPI,8.87,Completed
ORD0267,2025-05-14 00:00:00,CUST147,Food Hub,Indian,1179.12,19,15,4.5,Debit Card,1.08,Completed
ORD0268,2025-05-14 12:00:00,CUST004,Burger House,Dessert,764.14,39,15,4.0,Cash,2.1,Completed
ORD0269,2025-05-15 00:00:00,CUST035,Tasty Bites,Pizza,510.79,55,25,3.2,Credit Card,13.34,Completed
ORD0270,2025-05-15 12:00:00,CUST192,Spice Kitchen,Chinese,446.74,45,15,4.9,Debit Card,2.09,Completed
ORD0271,2025-05-16 00:00:00,CUST049,Pizza Point,Indian,327.55,35,5,4.0,Cash,10.9,Completed
ORD0272,2025-05-16 12:00:00,CUST017,Spice Kitchen,Burger,1307.12,34,5,4.2,Debit Card,13.88,Completed
ORD0273,2025-05-17 00:00:00,CUST172,Tasty Bites,Indian,926.73,53,20,3.5,Credit Card,4.79,Completed
ORD0274,2025-05-17 12:00:00,CUST220,Food Hub,Chinese,253.12,36,20,4.0,UPI,6.19,Completed
ORD0275,2025-05-18 00:00:00,CUST158,Food Hub,Dessert,666.48,18,0,3.9,Debit Card,8.96,Completed
ORD0276,2025-05-18 12:00:00,CUST046,Tasty Bites,Dessert,646.44,27,5,3.1,Cash,13.34,Completed
ORD0277,2025-05-19 00:00:00,CUST006,Food Hub,Dessert,395.35,59,5,3.2,Credit Card,14.19,Completed
ORD0278,2025-05-19 12:00:00,CUST099,Food Hub,Burger,737.94,56,5,4.7,UPI,11.35,Completed
ORD0279,2025-05-20 00:00:00,CUST233,Food Hub,Pizza,598.33,34,20,3.5,Cash,2.21,Completed
ORD0280,2025-05-20 12:00:00,CUST037,Pizza Point,Pizza,611.44,27,25,3.4,Cash,10.37,Completed
ORD0281,2025-05-21 00:00:00,CUST280,Pizza Point,Indian,1147.69,31,25,4.0,Cash,6.74,Completed
ORD0282,2025-05-21 12:00:00,CUST181,Burger House,Burger,451.41,50,15,4.5,Debit Card,7.59,Completed
ORD0283,2025-05-22 00:00:00,CUST095,Spice Kitchen,Dessert,1016.51,47,25,3.1,Credit Card,1.69,Completed
ORD0284,2025-05-22 12:00:00,CUST099,Tasty Bites,Dessert,920.38,15,10,4.2,Cash,3.67,Completed
ORD0285,2025-05-23 00:00:00,CUST188,Tasty Bites,Chinese,916.92,29,20,3.2,Debit Card,12.07,Completed
ORD0286,2025-05-23 12:00:00,CUST116,Tasty Bites,Chinese,1045.06,27,5,3.1,Credit Card,7.36,Completed
ORD0287,2025-05-24 00:00:00,CUST191,Burger House,Dessert,890.32,31,25,3.1,Credit Card,5.22,Completed
ORD0288,2025-05-24 12:00:00,CUST253,Pizza Point,Dessert,1336.99,38,20,4.7,Debit Card,6.38,Completed
ORD0289,2025-05-25 00:00:00,CUST161,Burger House,Burger,1062.03,22,25,3.2,Debit Card,12.96,Completed
ORD0290,2025-05-25 12:00:00,CUST256,Tasty Bites,Pizza,888.4,41,0,3.1,Cash,11.49,Completed
ORD0291,2025-05-26 00:00:00,CUST128,Spice Kitchen,Chinese,1270.18,59,5,3.9,Credit Card,4.81,Cancelled
ORD0292,2025-05-26 12:00:00,CUST018,Food Hub,Pizza,968.3,37,0,4.7,UPI,2.65,Completed
ORD0293,2025-05-27 00:00:00,CUST281,Pizza Point,Burger,543.04,60,5,3.5,Debit Card,4.53,Completed
ORD0294,2025-05-27 12:00:00,CUST223,Pizza Point,Dessert,429.58,22,20,3.8,Credit Card,13.89,Cancelled
ORD0295,2025-05-28 00:00:00,CUST054,Burger House,Pizza,355.64,22,15,3.1,Credit Card,9.14,Completed
ORD0296,2025-05-28 12:00:00,CUST058,Pizza Point,Dessert,1364.26,40,25,3.9,Cash,8.47,Completed
ORD0297,2025-05-29 00:00:00,CUST174,Tasty Bites,Dessert,1108.68,27,25,4.2,UPI,9.35,Completed
ORD0298,2025-05-29 12:00:00,CUST280,Tasty Bites,Indian,1415.46,53,10,4.1,Cash,6.12,Completed
ORD0299,2025-05-30 00:00:00,CUST114,Burger House,Pizza,964.44,51,0,3.7,UPI,12.3,Completed
ORD0300,2025-05-30 12:00:00,CUST288,Tasty Bites,Pizza,789.09,42,25,3.6,UPI,8.33,Completed
ORD0301,2025-05-31 00:00:00,CUST151,Spice Kitchen,Dessert,230.62,39,20,3.2,Debit Card,2.63,Completed
ORD0302,2025-05-31 12:00:00,CUST127,Burger House,Burger,1056.72,30,15,3.7,Credit Card,2.81,Completed
ORD0303,2025-06-01 00:00:00,CUST155,Spice Kitchen,Indian,935.98,16,20,3.2,Credit Card,8.52,Completed
ORD0304,2025-06-01 12:00:00,CUST273,Food Hub,Dessert,1486.78,32,0,4.5,Credit Card,14.11,Completed
ORD0305,2025-06-02 00:00:00,CUST104,Spice Kitchen,Chinese,472.86,31,10,4.9,UPI,5.32,Completed
ORD0306,2025-06-02 12:00:00,CUST299,Food Hub,Chinese,866.5,44,25,4.9,Credit Card,13.17,Completed
ORD0307,2025-06-03 00:00:00,CUST246,Food Hub,Indian,1028.79,53,20,4.7,Debit Card,11.7,Completed
ORD0308,2025-06-03 12:00:00,CUST176,Spice Kitchen,Burger,1020.2,27,5,4.2,UPI,4.47,Completed
ORD0309,2025-06-04 00:00:00,CUST039,Burger House,Dessert,907.75,46,15,4.4,UPI,1.51,Completed
ORD0310,2025-06-04 12:00:00,CUST170,Tasty Bites,Pizza,1198.85,43,20,3.6,UPI,2.43,Completed
ORD0311,2025-06-05 00:00:00,CUST247,Tasty Bites,Indian,426.72,60,15,4.3,UPI,11.2,Completed
ORD0312,2025-06-05 12:00:00,CUST026,Food Hub,Burger,1129.6,44,25,3.9,Debit Card,3.8,Completed
ORD0313,2025-06-06 00:00:00,CUST013,Food Hub,Pizza,986.64,32,5,4.0,Credit Card,6.2,Completed
ORD0314,2025-06-06 12:00:00,CUST036,Burger House,Chinese,1359.7,27,10,4.5,Debit Card,8.02,Cancelled
ORD0315,2025-06-07 00:00:00,CUST173,Pizza Point,Chinese,1293.71,57,10,3.6,Credit Card,11.16,Completed
ORD0316,2025-06-07 12:00:00,CUST020,Spice Kitchen,Pizza,575.45,35,5,3.6,Debit Card,2.59,Completed
ORD0317,2025-06-08 00:00:00,CUST264,Food Hub,Indian,522.92,44,15,4.8,Cash,6.69,Completed
ORD0318,2025-06-08 12:00:00,CUST142,Tasty Bites,Chinese,1475.23,35,25,3.1,Cash,7.79,Completed
ORD0319,2025-06-09 00:00:00,CUST143,Burger House,Dessert,861.81,31,20,4.0,Cash,8.57,Completed
ORD0320,2025-06-09 12:00:00,CUST092,Spice Kitchen,Pizza,1373.67,54,5,4.8,Cash,12.46,Completed
ORD0321,2025-06-10 00:00:00,CUST288,Burger House,Pizza,371.24,33,0,4.2,UPI,3.4,Completed
ORD0322,2025-06-10 12:00:00,CUST215,Spice Kitchen,Chinese,1017.81,29,15,4.1,UPI,12.31,Completed
ORD0323,2025-06-11 00:00:00,CUST051,Spice Kitchen,Indian,1243.31,23,10,3.5,Debit Card,10.7,Completed
ORD0324,2025-06-11 12:00:00,CUST153,Food Hub,Dessert,1428.98,24,5,3.7,Debit Card,8.78,Completed
ORD0325,2025-06-12 00:00:00,CUST186,Burger House,Indian,605.41,58,10,4.7,Cash,10.79,Completed
ORD0326,2025-06-12 12:00:00,CUST063,Burger House,Burger,1128.72,45,15,4.1,Credit Card,6.77,Completed
ORD0327,2025-06-13 00:00:00,CUST190,Tasty Bites,Burger,877.4,37,10,4.0,Cash,2.94,Completed
ORD0328,2025-06-13 12:00:00,CUST125,Tasty Bites,Chinese,231.85,44,5,3.2,Debit Card,10.32,Completed
ORD0329,2025-06-14 00:00:00,CUST150,Food Hub,Chinese,1081.5,47,15,3.0,Cash,8.35,Cancelled
ORD0330,2025-06-14 12:00:00,CUST058,Food Hub,Chinese,1081.63,23,0,4.9,Debit Card,9.95,Completed
ORD0331,2025-06-15 00:00:00,CUST180,Pizza Point,Burger,1406.32,15,5,3.8,Cash,5.73,Completed
ORD0332,2025-06-15 12:00:00,CUST170,Tasty Bites,Indian,821.37,58,20,4.2,Credit Card,13.7,Completed
ORD0333,2025-06-16 00:00:00,CUST271,Spice Kitchen,Indian,460.84,49,25,3.2,Cash,9.22,Completed
ORD0334,2025-06-16 12:00:00,CUST054,Burger House,Chinese,210.16,25,5,4.4,Credit Card,2.2,Completed
ORD0335,2025-06-17 00:00:00,CUST101,Food Hub,Dessert,711.12,48,15,4.9,Credit Card,7.3,Completed
ORD0336,2025-06-17 12:00:00,CUST264,Burger House,Indian,557.59,30,25,4.2,Debit Card,11.59,Completed
ORD0337,2025-06-18 00:00:00,CUST053,Burger House,Burger,1177.47,23,5,3.3,Credit Card,12.12,Completed
ORD0338,2025-06-18 12:00:00,CUST060,Pizza Point,Pizza,628.26,46,0,4.2,UPI,7.92,Completed
ORD0339,2025-06-19 00:00:00,CUST108,Tasty Bites,Pizza,1431.25,29,0,4.5,UPI,13.53,Completed
ORD0340,2025-06-19 12:00:00,CUST005,Food Hub,Pizza,1449.12,26,20,3.8,UPI,4.75,Completed
ORD0341,2025-06-20 00:00:00,CUST103,Burger House,Dessert,988.23,47,10,4.8,Debit Card,6.75,Completed
ORD0342,2025-06-20 12:00:00,CUST196,Food Hub,Chinese,1403.69,59,25,4.3,UPI,13.58,Completed
ORD0343,2025-06-21 00:00:00,CUST262,Spice Kitchen,Burger,1177.15,28,15,4.8,Debit Card,13.55,Completed
ORD0344,2025-06-21 12:00:00,CUST047,Pizza Point,Dessert,888.26,22,15,4.2,Debit Card,10.6,Completed
ORD0345,2025-06-22 00:00:00,CUST144,Spice Kitchen,Burger,393.42,22,10,3.3,UPI,13.03,Completed
ORD0346,2025-06-22 12:00:00,CUST269,Food Hub,Burger,769.11,41,0,3.6,Credit Card,2.24,Completed
ORD0347,2025-06-23 00:00:00,CUST124,Food Hub,Chinese,907.18,26,0,3.4,Cash,13.11,Completed
ORD0348,2025-06-23 12:00:00,CUST106,Tasty Bites,Pizza,1316.35,15,5,4.8,Debit Card,5.49,Completed
ORD0349,2025-06-24 00:00:00,CUST158,Burger House,Chinese,799.8,57,20,4.5,UPI,3.5,Completed
ORD0350,2025-06-24 12:00:00,CUST147,Burger House,Dessert,1361.86,54,25,4.4,Debit Card,4.35,Completed
ORD0351,2025-06-25 00:00:00,CUST145,Spice Kitchen,Dessert,1060.37,56,20,3.6,Credit Card,6.85,Completed
ORD0352,2025-06-25 12:00:00,CUST120,Pizza Point,Dessert,334.95,25,20,3.4,Credit Card,4.52,Completed
ORD0353,2025-06-26 00:00:00,CUST275,Burger House,Chinese,1493.22,53,5,4.5,UPI,5.49,Completed
ORD0354,2025-06-26 12:00:00,CUST092,Tasty Bites,Burger,861.76,57,20,3.9,Debit Card,2.89,Completed
ORD0355,2025-06-27 00:00:00,CUST058,Spice Kitchen,Burger,679.01,45,10,3.5,Cash,5.15,Completed
ORD0356,2025-06-27 12:00:00,CUST229,Spice Kitchen,Indian,1039.8,31,5,4.2,Cash,9.01,Completed
ORD0357,2025-06-28 00:00:00,CUST117,Tasty Bites,Dessert,297.01,47,10,3.1,Debit Card,7.19,Completed
ORD0358,2025-06-28 12:00:00,CUST279,Pizza Point,Burger,1009.33,46,5,3.7,Debit Card,5.85,Completed
ORD0359,2025-06-29 00:00:00,CUST127,Tasty Bites,Indian,822.62,43,20,3.9,Debit Card,11.45,Completed
ORD0360,2025-06-29 12:00:00,CUST129,Pizza Point,Burger,699.01,35,10,3.3,UPI,13.51,Completed
ORD0361,2025-06-30 00:00:00,CUST058,Tasty Bites,Dessert,1436.58,35,10,5.0,Credit Card,11.6,Completed
ORD0362,2025-06-30 12:00:00,CUST122,Tasty Bites,Pizza,855.43,54,10,3.4,Cash,5.65,Completed
ORD0363,2025-07-01 00:00:00,CUST001,Food Hub,Dessert,445.81,37,5,3.3,UPI,11.42,Completed
ORD0364,2025-07-01 12:00:00,CUST239,Spice Kitchen,Chinese,769.6,20,15,3.4,Debit Card,3.13,Completed
ORD0365,2025-07-02 00:00:00,CUST290,Tasty Bites,Burger,1391.17,36,20,4.5,Debit Card,2.82,Completed
ORD0366,2025-07-02 12:00:00,CUST096,Tasty Bites,Burger,387.73,52,10,3.9,Credit Card,5.84,Completed
ORD0367,2025-07-03 00:00:00,CUST126,Burger House,Chinese,438.84,51,25,4.1,Debit Card,12.31,Completed
ORD0368,2025-07-03 12:00:00,CUST118,Spice Kitchen,Chinese,167.59,59,15,3.0,UPI,4.45,Completed
ORD0369,2025-07-04 00:00:00,CUST048,Burger House,Pizza,169.16,22,25,3.1,UPI,1.89,Completed
ORD0370,2025-07-04 12:00:00,CUST089,Spice Kitchen,Burger,1269.68,55,20,3.9,Credit Card,2.84,Completed
ORD0371,2025-07-05 00:00:00,CUST237,Burger House,Burger,1138.37,49,20,4.6,UPI,13.02,Completed
ORD0372,2025-07-05 12:00:00,CUST272,Tasty Bites,Pizza,629.31,25,10,4.8,Cash,9.87,Completed
ORD0373,2025-07-06 00:00:00,CUST189,Tasty Bites,Indian,1092.72,38,10,3.2,UPI,4.54,Cancelled
ORD0374,2025-07-06 12:00:00,CUST192,Food Hub,Pizza,683.53,35,5,4.1,UPI,8.77,Completed
ORD0375,2025-07-07 00:00:00,CUST069,Burger House,Dessert,1436.41,16,15,4.8,UPI,8.39,Completed
ORD0376,2025-07-07 12:00:00,CUST278,Pizza Point,Burger,1455.52,54,15,3.8,Cash,10.18,Cancelled
ORD0377,2025-07-08 00:00:00,CUST247,Food Hub,Chinese,680.27,33,10,4.7,Debit Card,4.26,Completed
ORD0378,2025-07-08 12:00:00,CUST076,Burger House,Dessert,1303.2,53,20,3.3,UPI,13.1,Completed
ORD0379,2025-07-09 00:00:00,CUST154,Burger House,Burger,1193.67,42,10,4.9,Credit Card,5.33,Completed
ORD0380,2025-07-09 12:00:00,CUST144,Food Hub,Pizza,568.5,31,20,4.5,Cash,10.72,Completed
ORD0381,2025-07-10 00:00:00,CUST086,Tasty Bites,Dessert,463.25,20,20,4.9,Credit Card,1.23,Completed
ORD0382,2025-07-10 12:00:00,CUST185,Burger House,Burger,768.62,33,10,4.4,UPI,6.22,Completed
ORD0383,2025-07-11 00:00:00,CUST285,Tasty Bites,Indian,1204.82,52,0,3.7,Credit Card,5.92,Completed
ORD0384,2025-07-11 12:00:00,CUST220,Food Hub,Indian,1446.23,42,15,4.9,UPI,8.61,Completed
ORD0385,2025-07-12 00:00:00,CUST069,Tasty Bites,Chinese,1180.83,16,25,3.6,Cash,2.02,Completed
ORD0386,2025-07-12 12:00:00,CUST047,Spice Kitchen,Burger,1304.53,52,20,3.7,Credit Card,12.06,Completed
ORD0387,2025-07-13 00:00:00,CUST094,Pizza Point,Indian,964.14,51,20,4.4,Credit Card,4.05,Completed
ORD0388,2025-07-13 12:00:00,CUST238,Burger House,Pizza,1277.8,18,0,4.5,UPI,10.48,Completed
ORD0389,2025-07-14 00:00:00,CUST204,Pizza Point,Burger,1208.97,36,25,4.9,UPI,12.24,Completed
ORD0390,2025-07-14 12:00:00,CUST218,Tasty Bites,Pizza,658.93,40,5,3.4,Debit Card,8.87,Cancelled
ORD0391,2025-07-15 00:00:00,CUST039,Burger House,Pizza,895.19,57,0,4.6,UPI,11.37,Completed
ORD0392,2025-07-15 12:00:00,CUST100,Tasty Bites,Indian,1236.42,50,25,4.5,UPI,10.27,Completed
ORD0393,2025-07-16 00:00:00,CUST289,Spice Kitchen,Burger,212.18,27,0,3.1,Debit Card,5.98,Completed
ORD0394,2025-07-16 12:00:00,CUST254,Food Hub,Dessert,1240.91,46,20,3.8,UPI,12.32,Completed
ORD0395,2025-07-17 00:00:00,CUST222,Burger House,Indian,390.15,31,15,3.6,UPI,5.13,Completed
ORD0396,2025-07-17 12:00:00,CUST023,Spice Kitchen,Indian,844.82,55,0,3.6,Debit Card,9.0,Cancelled
ORD0397,2025-07-18 00:00:00,CUST250,Spice Kitchen,Burger,1241.17,50,5,5.0,Cash,11.44,Completed
ORD0398,2025-07-18 12:00:00,CUST010,Burger House,Burger,492.66,60,10,4.3,Cash,6.31,Completed
ORD0399,2025-07-19 00:00:00,CUST246,Tasty Bites,Pizza,481.84,33,25,4.4,UPI,5.24,Completed
ORD0400,2025-07-19 12:00:00,CUST100,Spice Kitchen,Burger,693.73,49,0,5.0,UPI,7.43,Completed
ORD0401,2025-07-20 00:00:00,CUST290,Pizza Point,Pizza,1357.77,60,0,3.8,Debit Card,12.45,Completed
ORD0402,2025-07-20 12:00:00,CUST180,Spice Kitchen,Indian,150.6,54,5,4.6,Debit Card,14.02,Completed
ORD0403,2025-07-21 00:00:00,CUST223,Tasty Bites,Chinese,1366.87,42,15,3.9,Cash,8.63,Completed
ORD0404,2025-07-21 12:00:00,CUST250,Tasty Bites,Dessert,357.64,15,0,4.7,Credit Card,10.26,Completed
ORD0405,2025-07-22 00:00:00,CUST147,Pizza Point,Indian,1486.62,56,0,3.4,UPI,13.65,Completed
ORD0406,2025-07-22 12:00:00,CUST096,Spice Kitchen,Burger,1439.04,32,15,4.9,Credit Card,2.38,Completed
ORD0407,2025-07-23 00:00:00,CUST257,Tasty Bites,Dessert,817.81,54,5,3.4,Credit Card,4.25,Completed
ORD0408,2025-07-23 12:00:00,CUST004,Burger House,Chinese,842.17,47,25,3.7,Debit Card,10.92,Completed
ORD0409,2025-07-24 00:00:00,CUST016,Food Hub,Chinese,800.09,26,25,4.5,UPI,12.53,Completed
ORD0410,2025-07-24 12:00:00,CUST280,Food Hub,Pizza,1007.85,22,0,3.8,UPI,13.0,Completed
ORD0411,2025-07-25 00:00:00,CUST247,Food Hub,Dessert,272.47,38,15,4.2,Debit Card,6.81,Cancelled
ORD0412,2025-07-25 12:00:00,CUST258,Spice Kitchen,Pizza,194.03,30,0,3.9,Credit Card,2.25,Completed
ORD0413,2025-07-26 00:00:00,CUST160,Pizza Point,Indian,227.9,18,10,4.5,Debit Card,7.13,Cancelled
ORD0414,2025-07-26 12:00:00,CUST152,Tasty Bites,Dessert,749.89,52,25,3.5,Cash,4.23,Completed
ORD0415,2025-07-27 00:00:00,CUST178,Burger House,Indian,521.99,58,20,3.1,UPI,5.08,Cancelled
ORD0416,2025-07-27 12:00:00,CUST163,Burger House,Pizza,989.75,41,10,3.6,Cash,11.81,Completed
ORD0417,2025-07-28 00:00:00,CUST033,Spice Kitchen,Dessert,1489.8,23,0,3.9,Debit Card,2.06,Cancelled
ORD0418,2025-07-28 12:00:00,CUST179,Food Hub,Pizza,671.54,30,5,3.3,UPI,12.59,Completed
ORD0419,2025-07-29 00:00:00,CUST101,Spice Kitchen,Dessert,924.69,26,25,3.7,Cash,6.99,Completed
ORD0420,2025-07-29 12:00:00,CUST268,Pizza Point,Pizza,711.07,45,20,3.8,Cash,9.34,Completed
ORD0421,2025-07-30 00:00:00,CUST065,Pizza Point,Chinese,1293.82,38,10,3.1,Credit Card,2.26,Completed
ORD0422,2025-07-30 12:00:00,CUST168,Tasty Bites,Pizza,1368.02,28,25,4.2,UPI,5.72,Completed
ORD0423,2025-07-31 00:00:00,CUST043,Tasty Bites,Chinese,1334.43,59,15,4.8,Cash,2.26,Completed
ORD0424,2025-07-31 12:00:00,CUST044,Pizza Point,Pizza,1465.4,39,5,3.3,Cash,14.46,Cancelled
ORD0425,2025-08-01 00:00:00,CUST285,Pizza Point,Dessert,187.15,48,10,4.2,Credit Card,12.3,Completed
ORD0426,2025-08-01 12:00:00,CUST012,Pizza Point,Dessert,1283.75,17,15,4.3,Cash,7.43,Completed
ORD0427,2025-08-02 00:00:00,CUST095,Spice Kitchen,Dessert,1164.89,38,0,3.8,Cash,4.13,Completed
ORD0428,2025-08-02 12:00:00,CUST253,Pizza Point,Burger,458.74,56,15,4.4,Cash,14.07,Completed
ORD0429,2025-08-03 00:00:00,CUST242,Burger House,Indian,1441.03,23,10,3.8,Credit Card,5.82,Completed
ORD0430,2025-08-03 12:00:00,CUST035,Food Hub,Dessert,350.04,40,10,4.0,Cash,3.25,Completed
ORD0431,2025-08-04 00:00:00,CUST215,Pizza Point,Chinese,1067.39,34,0,3.0,Cash,8.88,Completed
ORD0432,2025-08-04 12:00:00,CUST090,Food Hub,Dessert,453.6,54,15,4.4,UPI,14.21,Completed
ORD0433,2025-08-05 00:00:00,CUST264,Spice Kitchen,Burger,732.36,24,15,4.3,UPI,1.05,Completed
ORD0434,2025-08-05 12:00:00,CUST093,Food Hub,Chinese,1120.87,33,0,3.1,Credit Card,4.33,Completed
ORD0435,2025-08-06 00:00:00,CUST090,Spice Kitchen,Burger,910.49,17,15,3.7,Debit Card,14.14,Completed
ORD0436,2025-08-06 12:00:00,CUST115,Burger House,Chinese,727.13,38,25,5.0,UPI,3.4,Completed
ORD0437,2025-08-07 00:00:00,CUST105,Spice Kitchen,Pizza,590.56,19,0,3.8,Credit Card,2.59,Completed
ORD0438,2025-08-07 12:00:00,CUST196,Spice Kitchen,Indian,1283.54,17,5,4.0,Cash,8.98,Completed
ORD0439,2025-08-08 00:00:00,CUST114,Tasty Bites,Indian,344.15,41,10,4.8,Cash,13.07,Completed
ORD0440,2025-08-08 12:00:00,CUST075,Pizza Point,Burger,730.64,30,5,4.4,Credit Card,7.68,Completed
ORD0441,2025-08-09 00:00:00,CUST217,Pizza Point,Indian,1370.07,29,25,4.2,Cash,14.92,Completed
ORD0442,2025-08-09 12:00:00,CUST277,Burger House,Burger,1291.9,49,25,4.6,Cash,10.51,Completed
ORD0443,2025-08-10 00:00:00,CUST249,Burger House,Burger,691.27,26,20,4.7,Debit Card,2.04,Completed
ORD0444,2025-08-10 12:00:00,CUST164,Pizza Point,Burger,1180.2,55,20,3.9,Cash,14.9,Completed
ORD0445,2025-08-11 00:00:00,CUST192,Tasty Bites,Indian,1261.27,58,20,4.0,UPI,6.71,Completed
ORD0446,2025-08-11 12:00:00,CUST227,Pizza Point,Burger,1350.0,40,0,3.8,Cash,5.02,Completed
ORD0447,2025-08-12 00:00:00,CUST177,Tasty Bites,Indian,885.08,48,15,4.9,Credit Card,8.81,Completed
ORD0448,2025-08-12 12:00:00,CUST099,Burger House,Burger,426.02,37,25,4.4,Debit Card,5.26,Completed
ORD0449,2025-08-13 00:00:00,CUST036,Food Hub,Dessert,494.67,45,5,3.2,Cash,2.21,Completed
ORD0450,2025-08-13 12:00:00,CUST096,Burger House,Burger,549.19,34,5,4.7,Credit Card,1.02,Completed
ORD0451,2025-08-14 00:00:00,CUST152,Burger House,Chinese,951.63,26,5,4.0,UPI,7.29,Completed
ORD0452,2025-08-14 12:00:00,CUST151,Spice Kitchen,Burger,194.29,37,5,3.1,Cash,12.72,Completed
ORD0453,2025-08-15 00:00:00,CUST190,Spice Kitchen,Pizza,1008.66,18,20,4.1,Debit Card,9.01,Completed
ORD0454,2025-08-15 12:00:00,CUST224,Spice Kitchen,Burger,641.88,37,5,3.8,Cash,14.99,Completed
ORD0455,2025-08-16 00:00:00,CUST037,Spice Kitchen,Chinese,548.58,15,15,4.8,Credit Card,5.02,Completed
ORD0456,2025-08-16 12:00:00,CUST268,Tasty Bites,Chinese,1337.32,39,20,3.4,Debit Card,4.93,Completed
ORD0457,2025-08-17 00:00:00,CUST183,Pizza Point,Indian,771.0,16,5,4.7,Cash,3.24,Completed
ORD0458,2025-08-17 12:00:00,CUST013,Food Hub,Dessert,278.32,44,0,4.1,UPI,3.3,Completed
ORD0459,2025-08-18 00:00:00,CUST279,Burger House,Burger,1266.11,17,10,3.1,Debit Card,4.99,Completed
ORD0460,2025-08-18 12:00:00,CUST217,Tasty Bites,Indian,214.32,35,10,4.9,UPI,12.1,Completed
ORD0461,2025-08-19 00:00:00,CUST286,Food Hub,Dessert,1131.11,39,10,4.0,Credit Card,13.68,Completed
ORD0462,2025-08-19 12:00:00,CUST273,Tasty Bites,Burger,1194.77,34,20,3.6,Cash,14.65,Completed
ORD0463,2025-08-20 00:00:00,CUST062,Tasty Bites,Pizza,626.01,36,5,3.9,UPI,4.25,Completed
ORD0464,2025-08-20 12:00:00,CUST084,Burger House,Burger,1263.46,35,25,4.7,Credit Card,13.34,Completed
ORD0465,2025-08-21 00:00:00,CUST217,Pizza Point,Chinese,846.14,47,25,3.6,Cash,5.6,Completed
ORD0466,2025-08-21 12:00:00,CUST187,Spice Kitchen,Chinese,775.45,52,25,3.4,Credit Card,2.58,Completed
ORD0467,2025-08-22 00:00:00,CUST019,Pizza Point,Pizza,211.29,29,20,3.3,UPI,13.18,Completed
ORD0468,2025-08-22 12:00:00,CUST177,Burger House,Indian,541.54,60,15,3.6,Credit Card,9.91,Completed
ORD0469,2025-08-23 00:00:00,CUST100,Burger House,Dessert,1406.86,29,0,4.6,Debit Card,3.31,Completed
ORD0470,2025-08-23 12:00:00,CUST233,Burger House,Burger,678.96,60,0,3.9,Cash,7.02,Completed
ORD0471,2025-08-24 00:00:00,CUST076,Food Hub,Chinese,888.05,39,10,3.5,Credit Card,5.02,Completed
ORD0472,2025-08-24 12:00:00,CUST265,Pizza Point,Indian,868.23,35,10,3.3,UPI,11.32,Completed
ORD0473,2025-08-25 00:00:00,CUST284,Pizza Point,Pizza,947.08,38,25,3.7,Cash,7.35,Completed
ORD0474,2025-08-25 12:00:00,CUST206,Tasty Bites,Chinese,232.8,19,25,4.9,Debit Card,14.85,Completed
ORD0475,2025-08-26 00:00:00,CUST223,Tasty Bites,Pizza,638.94,20,10,3.7,Cash,1.77,Completed
ORD0476,2025-08-26 12:00:00,CUST052,Tasty Bites,Burger,1126.22,57,5,5.0,Debit Card,5.97,Completed
ORD0477,2025-08-27 00:00:00,CUST144,Burger House,Dessert,420.76,58,15,4.0,Cash,7.75,Completed
ORD0478,2025-08-27 12:00:00,CUST069,Pizza Point,Chinese,424.83,37,15,3.4,Credit Card,8.04,Completed
ORD0479,2025-08-28 00:00:00,CUST099,Burger House,Chinese,163.62,18,15,4.8,Credit Card,5.42,Completed
ORD0480,2025-08-28 12:00:00,CUST025,Food Hub,Burger,740.6,41,15,3.9,UPI,11.21,Cancelled
ORD0481,2025-08-29 00:00:00,CUST053,Tasty Bites,Indian,1341.69,32,10,4.4,Debit Card,13.25,Completed
ORD0482,2025-08-29 12:00:00,CUST151,Burger House,Dessert,220.07,35,0,5.0,UPI,14.14,Completed
ORD0483,2025-08-30 00:00:00,CUST144,Burger House,Chinese,408.01,42,10,3.1,Credit Card,12.27,Cancelled
ORD0484,2025-08-30 12:00:00,CUST057,Food Hub,Dessert,568.61,49,15,3.2,Debit Card,12.91,Completed
ORD0485,2025-08-31 00:00:00,CUST039,Spice Kitchen,Chinese,1137.83,36,10,4.4,UPI,8.71,Completed
ORD0486,2025-08-31 12:00:00,CUST109,Pizza Point,Dessert,1014.86,54,15,3.6,UPI,12.56,Completed
ORD0487,2025-09-01 00:00:00,CUST181,Spice Kitchen,Pizza,711.52,37,20,3.4,UPI,5.25,Completed
ORD0488,2025-09-01 12:00:00,CUST042,Tasty Bites,Chinese,1174.74,17,25,3.1,UPI,6.58,Completed
ORD0489,2025-09-02 00:00:00,CUST186,Burger House,Dessert,973.0,54,0,3.0,UPI,5.44,Completed
ORD0490,2025-09-02 12:00:00,CUST223,Food Hub,Indian,1359.66,24,20,4.5,Debit Card,7.54,Completed
ORD0491,2025-09-03 00:00:00,CUST122,Food Hub,Pizza,1254.34,39,5,3.3,UPI,5.0,Completed
ORD0492,2025-09-03 12:00:00,CUST133,Pizza Point,Pizza,491.3,22,10,3.9,Debit Card,14.46,Cancelled
ORD0493,2025-09-04 00:00:00,CUST163,Spice Kitchen,Indian,516.44,25,5,4.2,UPI,5.38,Completed
ORD0494,2025-09-04 12:00:00,CUST215,Pizza Point,Dessert,319.23,19,10,3.9,Credit Card,2.37,Completed
ORD0495,2025-09-05 00:00:00,CUST221,Burger House,Burger,604.9,59,25,3.1,Credit Card,8.38,Completed
ORD0496,2025-09-05 12:00:00,CUST235,Pizza Point,Indian,1499.38,51,20,4.6,UPI,1.8,Completed
ORD0497,2025-09-06 00:00:00,CUST146,Food Hub,Dessert,697.76,59,25,3.0,Cash,2.55,Completed
ORD0498,2025-09-06 12:00:00,CUST239,Food Hub,Indian,447.66,52,15,4.5,Credit Card,4.07,Cancelled
ORD0499,2025-09-07 00:00:00,CUST076,Tasty Bites,Indian,1179.35,43,25,4.8,Debit Card,7.5,Completed
ORD0500,2025-09-07 12:00:00,CUST009,Tasty Bites,Chinese,882.34,19,25,3.9,UPI,7.07,Completed
ORD0501,2025-09-08 00:00:00,CUST074,Burger House,Dessert,351.96,23,15,4.1,Debit Card,12.2,Completed
ORD0502,2025-09-08 12:00:00,CUST253,Spice Kitchen,Burger,663.93,16,10,4.0,Cash,11.35,Completed
ORD0503,2025-09-09 00:00:00,CUST230,Pizza Point,Chinese,709.53,15,15,3.8,UPI,6.97,Completed
ORD0504,2025-09-09 12:00:00,CUST007,Burger House,Indian,1167.67,54,20,4.8,Credit Card,5.67,Completed
ORD0505,2025-09-10 00:00:00,CUST174,Tasty Bites,Indian,177.91,44,25,4.8,Debit Card,5.43,Completed
ORD0506,2025-09-10 12:00:00,CUST141,Pizza Point,Indian,513.18,25,15,3.7,Credit Card,11.84,Completed
ORD0507,2025-09-11 00:00:00,CUST168,Tasty Bites,Dessert,848.76,42,25,4.2,Credit Card,1.73,Completed
ORD0508,2025-09-11 12:00:00,CUST170,Pizza Point,Dessert,512.94,58,20,4.9,UPI,1.18,Completed
ORD0509,2025-09-12 00:00:00,CUST283,Spice Kitchen,Chinese,998.39,26,5,4.9,Debit Card,12.14,Completed
ORD0510,2025-09-12 12:00:00,CUST122,Burger House,Burger,800.52,53,20,4.0,Cash,7.68,Completed
ORD0511,2025-09-13 00:00:00,CUST194,Pizza Point,Chinese,638.31,40,0,3.9,Credit Card,2.83,Completed
ORD0512,2025-09-13 12:00:00,CUST005,Food Hub,Pizza,1431.43,27,0,3.6,UPI,4.3,Completed
ORD0513,2025-09-14 00:00:00,CUST029,Food Hub,Indian,1003.42,22,0,4.9,UPI,14.06,Cancelled
ORD0514,2025-09-14 12:00:00,CUST165,Pizza Point,Indian,325.42,42,25,3.3,Cash,13.03,Completed
ORD0515,2025-09-15 00:00:00,CUST136,Pizza Point,Indian,906.12,44,10,4.2,UPI,10.94,Completed
ORD0516,2025-09-15 12:00:00,CUST145,Pizza Point,Chinese,1203.99,23,10,3.6,Credit Card,7.75,Completed
ORD0517,2025-09-16 00:00:00,CUST217,Food Hub,Chinese,1106.46,53,10,3.6,UPI,8.28,Completed
ORD0518,2025-09-16 12:00:00,CUST132,Food Hub,Indian,382.32,45,25,3.8,Debit Card,14.65,Completed
ORD0519,2025-09-17 00:00:00,CUST292,Pizza Point,Chinese,1462.77,35,20,5.0,Debit Card,14.52,Completed
ORD0520,2025-09-17 12:00:00,CUST070,Tasty Bites,Dessert,755.9,48,10,3.1,Credit Card,4.01,Completed
ORD0521,2025-09-18 00:00:00,CUST252,Tasty Bites,Dessert,364.68,45,5,4.2,Debit Card,12.36,Completed
ORD0522,2025-09-18 12:00:00,CUST275,Spice Kitchen,Chinese,393.26,39,0,3.2,Cash,3.76,Cancelled
ORD0523,2025-09-19 00:00:00,CUST182,Burger House,Indian,282.62,26,20,3.3,UPI,3.99,Completed
ORD0524,2025-09-19 12:00:00,CUST167,Tasty Bites,Chinese,1234.75,15,0,3.9,Credit Card,10.47,Completed
ORD0525,2025-09-20 00:00:00,CUST091,Food Hub,Chinese,314.74,36,10,4.0,Cash,6.67,Completed
ORD0526,2025-09-20 12:00:00,CUST202,Tasty Bites,Chinese,318.92,54,20,3.5,UPI,14.04,Completed
ORD0527,2025-09-21 00:00:00,CUST019,Spice Kitchen,Pizza,1298.14,51,15,3.6,Cash,2.25,Completed
ORD0528,2025-09-21 12:00:00,CUST039,Spice Kitchen,Dessert,615.22,15,5,3.2,Credit Card,8.16,Completed
ORD0529,2025-09-22 00:00:00,CUST126,Burger House,Burger,191.66,15,10,3.6,Credit Card,13.86,Completed
ORD0530,2025-09-22 12:00:00,CUST173,Tasty Bites,Burger,220.06,56,10,4.9,Cash,13.66,Completed
ORD0531,2025-09-23 00:00:00,CUST141,Food Hub,Pizza,341.93,56,5,4.9,UPI,3.19,Completed
ORD0532,2025-09-23 12:00:00,CUST242,Food Hub,Chinese,438.08,35,5,3.7,Debit Card,6.13,Completed
ORD0533,2025-09-24 00:00:00,CUST220,Pizza Point,Pizza,1047.95,29,15,4.1,Debit Card,9.67,Completed
ORD0534,2025-09-24 12:00:00,CUST126,Food Hub,Pizza,362.39,31,10,4.8,Cash,3.23,Completed
ORD0535,2025-09-25 00:00:00,CUST058,Burger House,Indian,310.48,36,25,3.0,Credit Card,14.55,Completed
ORD0536,2025-09-25 12:00:00,CUST148,Burger House,Dessert,1182.37,52,10,4.6,UPI,13.81,Completed
ORD0537,2025-09-26 00:00:00,CUST001,Food Hub,Burger,1055.92,49,0,4.9,UPI,3.34,Completed
ORD0538,2025-09-26 12:00:00,CUST190,Food Hub,Chinese,737.69,59,20,3.2,Credit Card,2.7,Completed
ORD0539,2025-09-27 00:00:00,CUST191,Pizza Point,Burger,891.57,30,20,3.3,Debit Card,2.2,Completed
ORD0540,2025-09-27 12:00:00,CUST117,Food Hub,Burger,571.18,22,0,4.9,UPI,13.73,Completed
ORD0541,2025-09-28 00:00:00,CUST134,Pizza Point,Dessert,801.38,31,20,4.1,Cash,3.71,Completed
ORD0542,2025-09-28 12:00:00,CUST058,Pizza Point,Burger,834.01,31,5,3.0,Debit Card,6.83,Completed
ORD0543,2025-09-29 00:00:00,CUST044,Food Hub,Burger,672.77,40,20,3.5,Cash,7.28,Completed
ORD0544,2025-09-29 12:00:00,CUST173,Spice Kitchen,Pizza,1373.87,27,20,3.9,Debit Card,9.39,Completed
ORD0545,2025-09-30 00:00:00,CUST160,Spice Kitchen,Dessert,171.68,31,0,4.4,Credit Card,2.0,Completed
ORD0546,2025-09-30 12:00:00,CUST173,Pizza Point,Indian,1205.93,52,15,4.5,Cash,4.17,Completed
ORD0547,2025-10-01 00:00:00,CUST149,Food Hub,Chinese,317.92,31,20,5.0,Cash,14.04,Completed
ORD0548,2025-10-01 12:00:00,CUST080,Spice Kitchen,Burger,1226.69,28,25,3.6,Credit Card,13.72,Completed
ORD0549,2025-10-02 00:00:00,CUST213,Food Hub,Chinese,981.48,59,20,4.1,Cash,11.94,Completed
ORD0550,2025-10-02 12:00:00,CUST203,Food Hub,Indian,1288.43,20,15,4.1,Debit Card,1.27,Completed
ORD0551,2025-10-03 00:00:00,CUST252,Food Hub,Chinese,281.64,49,0,3.8,UPI,5.58,Completed
ORD0552,2025-10-03 12:00:00,CUST229,Tasty Bites,Indian,904.62,60,15,3.3,UPI,9.79,Completed
ORD0553,2025-10-04 00:00:00,CUST164,Food Hub,Pizza,826.47,28,0,5.0,Credit Card,4.85,Completed
ORD0554,2025-10-04 12:00:00,CUST227,Tasty Bites,Burger,1103.36,22,5,4.7,Debit Card,13.73,Completed
ORD0555,2025-10-05 00:00:00,CUST147,Pizza Point,Indian,871.29,29,0,4.0,Cash,9.87,Completed
ORD0556,2025-10-05 12:00:00,CUST020,Spice Kitchen,Chinese,879.99,41,5,4.2,Cash,2.01,Completed
ORD0557,2025-10-06 00:00:00,CUST047,Spice Kitchen,Burger,729.95,27,5,3.5,UPI,13.73,Completed
ORD0558,2025-10-06 12:00:00,CUST233,Spice Kitchen,Pizza,566.93,45,0,4.1,Cash,14.41,Completed
ORD0559,2025-10-07 00:00:00,CUST014,Spice Kitchen,Burger,801.06,49,25,4.4,UPI,2.09,Completed
ORD0560,2025-10-07 12:00:00,CUST143,Spice Kitchen,Indian,309.96,20,10,4.0,Credit Card,8.45,Completed
ORD0561,2025-10-08 00:00:00,CUST001,Spice Kitchen,Pizza,1448.04,19,0,5.0,Cash,5.25,Cancelled
ORD0562,2025-10-08 12:00:00,CUST054,Spice Kitchen,Chinese,1114.45,36,20,4.2,Debit Card,6.5,Completed
ORD0563,2025-10-09 00:00:00,CUST259,Pizza Point,Pizza,1435.83,37,25,3.7,Cash,3.52,Completed
ORD0564,2025-10-09 12:00:00,CUST144,Food Hub,Pizza,456.08,39,25,4.5,UPI,9.09,Completed
ORD0565,2025-10-10 00:00:00,CUST012,Burger House,Dessert,1337.11,48,20,3.3,Credit Card,14.41,Completed
ORD0566,2025-10-10 12:00:00,CUST224,Tasty Bites,Pizza,1241.87,40,10,3.8,UPI,8.04,Completed
ORD0567,2025-10-11 00:00:00,CUST272,Burger House,Pizza,1064.16,19,25,3.7,Cash,2.16,Completed
ORD0568,2025-10-11 12:00:00,CUST156,Burger House,Burger,993.79,40,5,3.9,UPI,9.68,Cancelled
ORD0569,2025-10-12 00:00:00,CUST008,Food Hub,Chinese,577.34,34,10,4.6,UPI,5.76,Completed
ORD0570,2025-10-12 12:00:00,CUST122,Food Hub,Burger,1252.15,20,20,4.0,Credit Card,12.98,Completed
ORD0571,2025-10-13 00:00:00,CUST164,Food Hub,Burger,827.05,20,10,4.6,Debit Card,7.09,Completed
ORD0572,2025-10-13 12:00:00,CUST090,Spice Kitchen,Indian,245.7,32,0,4.2,Cash,3.7,Completed
ORD0573,2025-10-14 00:00:00,CUST136,Pizza Point,Burger,572.37,18,10,3.7,Credit Card,3.68,Completed
ORD0574,2025-10-14 12:00:00,CUST186,Spice Kitchen,Dessert,1412.65,31,5,4.6,Debit Card,11.76,Completed
ORD0575,2025-10-15 00:00:00,CUST178,Pizza Point,Dessert,1298.42,28,0,3.5,UPI,4.72,Completed
ORD0576,2025-10-15 12:00:00,CUST028,Pizza Point,Indian,1475.57,28,15,3.4,Debit Card,11.74,Completed
ORD0577,2025-10-16 00:00:00,CUST220,Burger House,Chinese,997.79,27,20,4.0,UPI,3.88,Completed
ORD0578,2025-10-16 12:00:00,CUST041,Burger House,Chinese,484.14,21,20,3.5,UPI,5.5,Completed
ORD0579,2025-10-17 00:00:00,CUST228,Pizza Point,Burger,369.8,58,10,3.0,Credit Card,7.52,Completed
ORD0580,2025-10-17 12:00:00,CUST192,Pizza Point,Burger,402.33,29,25,4.3,UPI,14.2,Completed
ORD0581,2025-10-18 00:00:00,CUST145,Spice Kitchen,Burger,176.72,33,0,4.0,Credit Card,14.04,Completed
ORD0582,2025-10-18 12:00:00,CUST201,Spice Kitchen,Chinese,677.42,57,15,3.9,Debit Card,3.9,Completed
ORD0583,2025-10-19 00:00:00,CUST212,Burger House,Pizza,408.43,58,0,4.9,Debit Card,6.02,Completed
ORD0584,2025-10-19 12:00:00,CUST220,Food Hub,Dessert,705.73,49,20,4.1,UPI,3.09,Completed
ORD0585,2025-10-20 00:00:00,CUST240,Pizza Point,Pizza,1412.24,31,0,4.7,Credit Card,8.14,Completed
ORD0586,2025-10-20 12:00:00,CUST046,Spice Kitchen,Pizza,731.23,49,15,3.3,UPI,7.45,Completed
ORD0587,2025-10-21 00:00:00,CUST035,Burger House,Chinese,1335.28,33,25,4.1,Credit Card,13.61,Completed
ORD0588,2025-10-21 12:00:00,CUST253,Spice Kitchen,Pizza,967.43,34,10,4.7,Credit Card,14.02,Completed
ORD0589,2025-10-22 00:00:00,CUST082,Pizza Point,Indian,483.63,50,5,4.2,Credit Card,6.37,Completed
ORD0590,2025-10-22 12:00:00,CUST256,Pizza Point,Burger,630.4,49,0,4.4,Debit Card,7.88,Completed
ORD0591,2025-10-23 00:00:00,CUST197,Tasty Bites,Indian,263.29,46,5,3.7,Credit Card,13.55,Completed
ORD0592,2025-10-23 12:00:00,CUST010,Food Hub,Dessert,600.17,58,20,3.2,Debit Card,12.29,Completed
ORD0593,2025-10-24 00:00:00,CUST286,Tasty Bites,Burger,1064.68,54,10,3.9,Credit Card,1.05,Completed
ORD0594,2025-10-24 12:00:00,CUST242,Burger House,Pizza,247.35,38,10,3.8,Debit Card,5.48,Completed
ORD0595,2025-10-25 00:00:00,CUST251,Spice Kitchen,Dessert,427.29,31,0,4.7,Cash,6.9,Completed
ORD0596,2025-10-25 12:00:00,CUST005,Burger House,Burger,664.95,21,25,3.5,Debit Card,4.22,Completed
ORD0597,2025-10-26 00:00:00,CUST119,Pizza Point,Pizza,1475.77,57,10,4.9,Debit Card,3.79,Completed
ORD0598,2025-10-26 12:00:00,CUST289,Tasty Bites,Indian,1209.56,15,0,4.9,UPI,1.53,Completed
ORD0599,2025-10-27 00:00:00,CUST065,Tasty Bites,Burger,1140.21,49,0,3.5,Credit Card,10.01,Completed
ORD0600,2025-10-27 12:00:00,CUST146,Tasty Bites,Pizza,306.86,46,5,3.7,Cash,4.68,Completed
ORD0601,2025-10-28 00:00:00,CUST224,Burger House,Indian,1204.34,50,10,4.8,UPI,1.73,Cancelled
ORD0602,2025-10-28 12:00:00,CUST239,Pizza Point,Dessert,1210.11,27,0,4.9,Credit Card,4.23,Completed
ORD0603,2025-10-29 00:00:00,CUST177,Spice Kitchen,Dessert,961.49,20,5,3.9,Cash,12.23,Completed
ORD0604,2025-10-29 12:00:00,CUST267,Spice Kitchen,Dessert,1486.99,28,15,3.6,Cash,12.92,Completed
ORD0605,2025-10-30 00:00:00,CUST282,Burger House,Dessert,589.09,51,5,4.1,Cash,7.76,Completed
ORD0606,2025-10-30 12:00:00,CUST063,Tasty Bites,Chinese,1420.72,29,5,4.4,Credit Card,6.82,Completed
ORD0607,2025-10-31 00:00:00,CUST217,Food Hub,Burger,1384.89,18,0,3.5,Cash,14.69,Completed
ORD0608,2025-10-31 12:00:00,CUST283,Burger House,Burger,165.5,54,20,4.5,Cash,3.81,Completed
ORD0609,2025-11-01 00:00:00,CUST177,Burger House,Chinese,757.66,30,20,3.1,UPI,4.02,Completed
ORD0610,2025-11-01 12:00:00,CUST098,Pizza Point,Pizza,1469.09,42,25,3.1,Debit Card,5.09,Completed
ORD0611,2025-11-02 00:00:00,CUST105,Spice Kitchen,Pizza,289.21,30,20,3.8,Credit Card,3.42,Completed
ORD0612,2025-11-02 12:00:00,CUST099,Burger House,Dessert,889.51,18,5,3.7,Debit Card,6.31,Completed
ORD0613,2025-11-03 00:00:00,CUST006,Burger House,Indian,1471.59,59,25,3.6,UPI,13.75,Completed
ORD0614,2025-11-03 12:00:00,CUST197,Tasty Bites,Pizza,899.92,40,0,4.0,Debit Card,9.61,Completed
ORD0615,2025-11-04 00:00:00,CUST133,Tasty Bites,Indian,406.25,42,10,3.6,Cash,6.77,Completed
ORD0616,2025-11-04 12:00:00,CUST259,Food Hub,Burger,935.95,46,5,3.4,Cash,14.08,Completed
ORD0617,2025-11-05 00:00:00,CUST023,Pizza Point,Indian,425.99,59,5,3.6,Credit Card,1.68,Completed
ORD0618,2025-11-05 12:00:00,CUST053,Food Hub,Burger,851.6,16,25,4.9,Credit Card,3.94,Completed
ORD0619,2025-11-06 00:00:00,CUST165,Tasty Bites,Chinese,249.96,45,0,3.8,Credit Card,8.92,Completed
ORD0620,2025-11-06 12:00:00,CUST202,Spice Kitchen,Chinese,967.4,17,15,3.9,UPI,9.62,Cancelled
ORD0621,2025-11-07 00:00:00,CUST083,Tasty Bites,Dessert,847.67,22,5,4.2,Credit Card,1.55,Completed
ORD0622,2025-11-07 12:00:00,CUST145,Pizza Point,Pizza,1149.22,38,15,5.0,UPI,6.64,Completed
ORD0623,2025-11-08 00:00:00,CUST085,Tasty Bites,Dessert,1001.45,29,15,3.5,Cash,10.09,Completed
ORD0624,2025-11-08 12:00:00,CUST078,Pizza Point,Burger,891.97,57,20,4.4,Debit Card,10.77,Completed
ORD0625,2025-11-09 00:00:00,CUST001,Pizza Point,Dessert,1081.2,45,0,4.4,Cash,9.93,Completed
ORD0626,2025-11-09 12:00:00,CUST051,Pizza Point,Indian,344.32,23,15,4.2,Cash,5.49,Completed
ORD0627,2025-11-10 00:00:00,CUST173,Pizza Point,Burger,953.74,53,0,3.2,Cash,2.31,Completed
ORD0628,2025-11-10 12:00:00,CUST205,Pizza Point,Chinese,382.35,59,20,4.4,Credit Card,6.98,Completed
ORD0629,2025-11-11 00:00:00,CUST260,Spice Kitchen,Pizza,1399.45,16,0,3.1,Credit Card,2.8,Completed
ORD0630,2025-11-11 12:00:00,CUST288,Food Hub,Burger,242.25,22,5,4.2,Credit Card,14.27,Completed
ORD0631,2025-11-12 00:00:00,CUST034,Burger House,Burger,731.01,21,15,4.5,Debit Card,7.65,Completed
ORD0632,2025-11-12 12:00:00,CUST095,Food Hub,Indian,1089.33,58,0,3.4,Credit Card,5.44,Completed
ORD0633,2025-11-13 00:00:00,CUST072,Pizza Point,Pizza,768.33,53,10,4.7,UPI,11.73,Completed
ORD0634,2025-11-13 12:00:00,CUST039,Spice Kitchen,Chinese,274.33,56,0,3.1,Cash,7.97,Completed
ORD0635,2025-11-14 00:00:00,CUST154,Tasty Bites,Burger,897.06,30,15,4.7,Debit Card,5.34,Completed
ORD0636,2025-11-14 12:00:00,CUST250,Spice Kitchen,Burger,1016.2,49,20,3.9,Debit Card,12.37,Completed
ORD0637,2025-11-15 00:00:00,CUST162,Pizza Point,Indian,1100.12,44,20,3.4,Debit Card,13.14,Completed
ORD0638,2025-11-15 12:00:00,CUST118,Spice Kitchen,Dessert,653.9,24,15,3.3,Debit Card,10.42,Completed
ORD0639,2025-11-16 00:00:00,CUST259,Spice Kitchen,Chinese,910.94,52,5,4.9,Debit Card,1.66,Completed
ORD0640,2025-11-16 12:00:00,CUST268,Pizza Point,Pizza,758.43,32,5,3.1,UPI,8.93,Completed
ORD0641,2025-11-17 00:00:00,CUST054,Spice Kitchen,Burger,1057.28,19,20,3.4,Cash,11.69,Completed
ORD0642,2025-11-17 12:00:00,CUST236,Burger House,Burger,937.8,43,20,3.7,Debit Card,2.91,Completed
ORD0643,2025-11-18 00:00:00,CUST222,Burger House,Chinese,859.77,53,15,4.2,Cash,4.2,Completed
ORD0644,2025-11-18 12:00:00,CUST251,Spice Kitchen,Dessert,486.86,48,5,4.1,Credit Card,13.35,Cancelled
ORD0645,2025-11-19 00:00:00,CUST112,Tasty Bites,Burger,152.72,57,20,3.3,Debit Card,1.28,Completed
ORD0646,2025-11-19 12:00:00,CUST255,Pizza Point,Chinese,385.01,59,5,3.6,Debit Card,11.54,Cancelled
ORD0647,2025-11-20 00:00:00,CUST207,Burger House,Indian,308.04,37,20,3.5,Cash,7.63,Completed
ORD0648,2025-11-20 12:00:00,CUST229,Tasty Bites,Dessert,756.26,19,0,3.4,Debit Card,7.25,Completed
ORD0649,2025-11-21 00:00:00,CUST066,Spice Kitchen,Pizza,976.55,44,10,3.8,Debit Card,1.1,Completed
ORD0650,2025-11-21 12:00:00,CUST075,Tasty Bites,Burger,437.66,20,25,4.4,Debit Card,12.47,Completed
ORD0651,2025-11-22 00:00:00,CUST103,Food Hub,Chinese,1417.73,60,0,3.4,UPI,6.04,Completed
ORD0652,2025-11-22 12:00:00,CUST192,Burger House,Indian,159.02,58,25,3.7,UPI,8.57,Completed
ORD0653,2025-11-23 00:00:00,CUST252,Spice Kitchen,Pizza,1192.61,18,20,3.8,Debit Card,10.48,Completed
ORD0654,2025-11-23 12:00:00,CUST226,Pizza Point,Chinese,994.03,43,10,5.0,UPI,10.84,Completed
ORD0655,2025-11-24 00:00:00,CUST294,Spice Kitchen,Chinese,654.3,37,10,4.9,Credit Card,14.38,Completed
ORD0656,2025-11-24 12:00:00,CUST098,Pizza Point,Pizza,218.16,20,20,4.6,Debit Card,8.44,Completed
ORD0657,2025-11-25 00:00:00,CUST286,Spice Kitchen,Indian,997.11,46,20,3.5,Credit Card,6.6,Completed
ORD0658,2025-11-25 12:00:00,CUST249,Tasty Bites,Indian,670.58,56,5,3.1,Cash,14.35,Completed
ORD0659,2025-11-26 00:00:00,CUST166,Tasty Bites,Dessert,1413.96,32,20,3.6,Credit Card,9.99,Completed
ORD0660,2025-11-26 12:00:00,CUST030,Tasty Bites,Burger,881.69,29,15,3.5,Cash,5.17,Completed
ORD0661,2025-11-27 00:00:00,CUST247,Food Hub,Pizza,1418.53,54,20,4.0,Debit Card,2.77,Completed
ORD0662,2025-11-27 12:00:00,CUST106,Pizza Point,Pizza,447.65,46,15,4.6,Cash,12.8,Completed
ORD0663,2025-11-28 00:00:00,CUST051,Tasty Bites,Pizza,1129.73,23,20,4.7,Cash,6.07,Completed
ORD0664,2025-11-28 12:00:00,CUST081,Food Hub,Indian,983.29,51,5,4.7,Credit Card,10.25,Completed
ORD0665,2025-11-29 00:00:00,CUST133,Pizza Point,Burger,1148.2,24,15,3.7,Credit Card,7.59,Completed
ORD0666,2025-11-29 12:00:00,CUST285,Spice Kitchen,Dessert,439.8,34,0,4.4,Credit Card,3.79,Cancelled
ORD0667,2025-11-30 00:00:00,CUST138,Food Hub,Chinese,1047.74,20,15,3.6,Debit Card,9.42,Completed
ORD0668,2025-11-30 12:00:00,CUST184,Burger House,Chinese,822.35,17,5,3.1,Debit Card,1.85,Completed
ORD0669,2025-12-01 00:00:00,CUST273,Food Hub,Pizza,1152.81,56,25,4.4,Credit Card,6.79,Completed
ORD0670,2025-12-01 12:00:00,CUST069,Food Hub,Burger,591.51,25,15,3.0,Debit Card,8.65,Completed
ORD0671,2025-12-02 00:00:00,CUST034,Pizza Point,Indian,1351.58,57,20,3.8,Debit Card,7.1,Completed
ORD0672,2025-12-02 12:00:00,CUST262,Spice Kitchen,Burger,263.81,31,20,3.7,Cash,11.48,Cancelled
ORD0673,2025-12-03 00:00:00,CUST053,Burger House,Burger,1239.71,46,25,4.4,Cash,12.59,Completed
ORD0674,2025-12-03 12:00:00,CUST205,Tasty Bites,Indian,1312.78,18,5,4.5,Credit Card,11.8,Completed
ORD0675,2025-12-04 00:00:00,CUST126,Tasty Bites,Pizza,1253.29,18,10,3.6,Debit Card,1.54,Completed
ORD0676,2025-12-04 12:00:00,CUST235,Food Hub,Burger,842.18,31,20,4.6,Cash,3.72,Completed
ORD0677,2025-12-05 00:00:00,CUST043,Pizza Point,Chinese,741.82,55,0,3.6,UPI,8.51,Completed
ORD0678,2025-12-05 12:00:00,CUST240,Pizza Point,Indian,1494.95,33,5,3.9,Debit Card,14.09,Completed
ORD0679,2025-12-06 00:00:00,CUST111,Tasty Bites,Dessert,459.38,19,15,4.5,UPI,12.69,Completed
ORD0680,2025-12-06 12:00:00,CUST249,Burger House,Pizza,888.28,46,15,4.4,Credit Card,12.8,Completed
ORD0681,2025-12-07 00:00:00,CUST151,Spice Kitchen,Indian,1055.41,36,0,5.0,Debit Card,5.24,Completed
ORD0682,2025-12-07 12:00:00,CUST183,Burger House,Dessert,1096.17,20,20,3.5,Credit Card,7.01,Completed
ORD0683,2025-12-08 00:00:00,CUST095,Spice Kitchen,Dessert,425.43,49,5,4.3,Credit Card,7.59,Completed
ORD0684,2025-12-08 12:00:00,CUST008,Tasty Bites,Burger,1032.89,36,0,4.2,Credit Card,3.2,Completed
ORD0685,2025-12-09 00:00:00,CUST184,Spice Kitchen,Burger,1254.8,15,20,4.8,Credit Card,1.43,Completed
ORD0686,2025-12-09 12:00:00,CUST281,Pizza Point,Burger,217.53,34,5,3.3,Credit Card,14.26,Completed
ORD0687,2025-12-10 00:00:00,CUST195,Food Hub,Indian,1380.55,36,15,4.5,Debit Card,4.37,Completed
ORD0688,2025-12-10 12:00:00,CUST195,Food Hub,Indian,189.83,25,5,4.1,UPI,4.36,Completed
ORD0689,2025-12-11 00:00:00,CUST155,Tasty Bites,Pizza,630.56,27,25,3.5,Debit Card,2.17,Completed
ORD0690,2025-12-11 12:00:00,CUST093,Pizza Point,Burger,171.35,56,10,3.9,Debit Card,14.0,Completed
ORD0691,2025-12-12 00:00:00,CUST160,Burger House,Dessert,254.15,17,5,3.7,Debit Card,9.12,Completed
ORD0692,2025-12-12 12:00:00,CUST061,Pizza Point,Chinese,1380.08,23,10,4.2,Cash,10.34,Completed
ORD0693,2025-12-13 00:00:00,CUST122,Food Hub,Pizza,629.06,26,5,4.8,Cash,13.76,Completed
ORD0694,2025-12-13 12:00:00,CUST051,Food Hub,Indian,723.44,37,10,4.1,Debit Card,5.84,Completed
ORD0695,2025-12-14 00:00:00,CUST277,Pizza Point,Pizza,440.71,28,25,4.3,UPI,9.7,Completed
ORD0696,2025-12-14 12:00:00,CUST005,Pizza Point,Pizza,956.08,47,15,4.0,Debit Card,1.54,Completed
ORD0697,2025-12-15 00:00:00,CUST092,Food Hub,Pizza,952.98,32,20,3.1,Credit Card,3.61,Completed
ORD0698,2025-12-15 12:00:00,CUST170,Burger House,Pizza,652.47,55,10,3.5,Cash,12.64,Completed
ORD0699,2025-12-16 00:00:00,CUST022,Tasty Bites,Chinese,599.6,23,25,4.0,Cash,11.73,Cancelled
ORD0700,2025-12-16 12:00:00,CUST001,Tasty Bites,Burger,1344.7,37,10,3.6,Debit Card,5.91,Completed
ORD0701,2025-12-17 00:00:00,CUST133,Pizza Point,Dessert,667.43,24,15,3.4,Debit Card,6.28,Completed
ORD0702,2025-12-17 12:00:00,CUST233,Tasty Bites,Pizza,816.23,33,10,4.0,UPI,8.47,Completed
ORD0703,2025-12-18 00:00:00,CUST012,Food Hub,Pizza,532.46,19,25,3.6,UPI,1.0,Completed
ORD0704,2025-12-18 12:00:00,CUST046,Food Hub,Pizza,1212.14,37,25,3.5,Credit Card,4.38,Completed
ORD0705,2025-12-19 00:00:00,CUST034,Pizza Point,Burger,686.56,44,0,3.9,Debit Card,3.92,Completed
ORD0706,2025-12-19 12:00:00,CUST078,Pizza Point,Indian,843.37,39,15,3.3,Debit Card,4.51,Completed
ORD0707,2025-12-20 00:00:00,CUST218,Pizza Point,Indian,492.03,42,0,4.9,Debit Card,12.28,Completed
ORD0708,2025-12-20 12:00:00,CUST073,Burger House,Chinese,1483.34,48,15,4.7,Cash,4.92,Completed
ORD0709,2025-12-21 00:00:00,CUST282,Tasty Bites,Indian,543.52,59,10,4.4,Credit Card,3.68,Completed
ORD0710,2025-12-21 12:00:00,CUST249,Pizza Point,Pizza,1190.5,39,25,3.2,UPI,8.06,Completed
ORD0711,2025-12-22 00:00:00,CUST047,Spice Kitchen,Pizza,727.12,24,0,4.6,Cash,13.12,Completed
ORD0712,2025-12-22 12:00:00,CUST121,Spice Kitchen,Pizza,428.39,28,10,4.6,Cash,4.38,Completed
ORD0713,2025-12-23 00:00:00,CUST214,Food Hub,Chinese,1229.62,56,25,4.5,Cash,2.1,Completed
ORD0714,2025-12-23 12:00:00,CUST239,Tasty Bites,Pizza,600.37,60,15,3.2,Cash,5.99,Completed
ORD0715,2025-12-24 00:00:00,CUST056,Pizza Point,Indian,1318.01,44,25,4.3,Credit Card,11.47,Completed
ORD0716,2025-12-24 12:00:00,CUST107,Spice Kitchen,Burger,1385.6,55,10,4.7,Debit Card,8.71,Completed
ORD0717,2025-12-25 00:00:00,CUST048,Tasty Bites,Burger,1310.76,39,0,4.2,UPI,12.44,Completed
ORD0718,2025-12-25 12:00:00,CUST061,Food Hub,Dessert,197.26,28,0,4.3,UPI,14.43,Completed
ORD0719,2025-12-26 00:00:00,CUST026,Burger House,Indian,1212.95,49,25,3.9,Cash,12.1,Completed
ORD0720,2025-12-26 12:00:00,CUST292,Tasty Bites,Pizza,705.31,48,10,4.1,Cash,9.45,Completed
ORD0721,2025-12-27 00:00:00,CUST257,Tasty Bites,Burger,1329.53,24,5,3.1,Credit Card,7.91,Completed
ORD0722,2025-12-27 12:00:00,CUST008,Burger House,Indian,1011.24,49,15,4.3,Cash,1.56,Completed
ORD0723,2025-12-28 00:00:00,CUST113,Tasty Bites,Burger,1275.42,25,15,3.2,UPI,14.78,Completed
ORD0724,2025-12-28 12:00:00,CUST253,Food Hub,Pizza,824.23,25,10,3.9,UPI,6.37,Completed
ORD0725,2025-12-29 00:00:00,CUST180,Food Hub,Burger,872.28,35,5,3.6,Debit Card,3.13,Completed
ORD0726,2025-12-29 12:00:00,CUST207,Burger House,Dessert,344.92,35,0,4.1,Debit Card,10.33,Completed
ORD0727,2025-12-30 00:00:00,CUST127,Pizza Point,Dessert,1208.38,36,20,3.3,UPI,4.98,Completed
ORD0728,2025-12-30 12:00:00,CUST056,Spice Kitchen,Burger,716.18,59,20,4.4,UPI,9.2,Completed
ORD0729,2025-12-31 00:00:00,CUST214,Pizza Point,Indian,825.11,21,10,4.6,Credit Card,9.21,Completed
ORD0730,2025-12-31 12:00:00,CUST014,Tasty Bites,Indian,1209.88,31,5,3.3,Credit Card,7.24,Completed
ORD0731,2026-01-01 00:00:00,CUST028,Spice Kitchen,Indian,958.44,16,5,3.2,UPI,12.71,Completed
ORD0732,2026-01-01 12:00:00,CUST078,Burger House,Burger,421.48,26,15,3.3,Cash,4.71,Completed
ORD0733,2026-01-02 00:00:00,CUST216,Burger House,Indian,946.81,56,0,4.8,Debit Card,7.28,Completed
ORD0734,2026-01-02 12:00:00,CUST154,Spice Kitchen,Pizza,700.3,32,25,4.1,UPI,8.53,Completed
ORD0735,2026-01-03 00:00:00,CUST014,Food Hub,Dessert,783.86,25,5,3.9,Cash,10.29,Cancelled
ORD0736,2026-01-03 12:00:00,CUST187,Spice Kitchen,Pizza,188.22,30,25,3.2,UPI,11.98,Cancelled
ORD0737,2026-01-04 00:00:00,CUST007,Tasty Bites,Indian,433.54,32,20,4.3,Debit Card,6.53,Completed
ORD0738,2026-01-04 12:00:00,CUST003,Food Hub,Pizza,529.4,49,25,4.7,Debit Card,10.04,Completed
ORD0739,2026-01-05 00:00:00,CUST111,Burger House,Indian,1112.5,40,0,4.7,Credit Card,3.11,Completed
ORD0740,2026-01-05 12:00:00,CUST238,Spice Kitchen,Burger,165.51,30,0,4.3,Credit Card,14.06,Completed
ORD0741,2026-01-06 00:00:00,CUST239,Pizza Point,Pizza,701.85,20,25,3.2,Credit Card,6.36,Completed
ORD0742,2026-01-06 12:00:00,CUST274,Pizza Point,Burger,1397.44,58,10,3.2,Credit Card,11.21,Completed
ORD0743,2026-01-07 00:00:00,CUST294,Tasty Bites,Burger,301.04,57,5,3.1,Debit Card,1.28,Completed
ORD0744,2026-01-07 12:00:00,CUST227,Pizza Point,Chinese,847.17,56,10,3.5,Cash,3.87,Completed
ORD0745,2026-01-08 00:00:00,CUST015,Spice Kitchen,Indian,1211.81,26,25,3.3,Cash,7.82,Completed
ORD0746,2026-01-08 12:00:00,CUST192,Spice Kitchen,Dessert,1422.42,27,5,3.5,Cash,13.3,Completed
ORD0747,2026-01-09 00:00:00,CUST119,Pizza Point,Indian,1158.15,18,15,3.8,UPI,8.38,Completed
ORD0748,2026-01-09 12:00:00,CUST028,Spice Kitchen,Dessert,1122.76,53,10,4.9,Credit Card,14.02,Cancelled
ORD0749,2026-01-10 00:00:00,CUST202,Tasty Bites,Indian,1265.76,16,10,4.2,Credit Card,7.77,Completed
ORD0750,2026-01-10 12:00:00,CUST039,Food Hub,Burger,752.37,40,25,4.7,Debit Card,7.87,Completed
ORD0751,2026-01-11 00:00:00,CUST273,Tasty Bites,Pizza,1237.89,41,20,4.4,Debit Card,2.68,Completed
ORD0752,2026-01-11 12:00:00,CUST231,Tasty Bites,Pizza,160.75,41,25,3.2,UPI,12.24,Completed
ORD0753,2026-01-12 00:00:00,CUST086,Spice Kitchen,Chinese,1398.16,29,10,4.5,UPI,4.46,Completed
ORD0754,2026-01-12 12:00:00,CUST126,Food Hub,Dessert,748.46,22,5,3.6,Cash,13.59,Completed
ORD0755,2026-01-13 00:00:00,CUST300,Spice Kitchen,Dessert,897.06,21,20,4.3,Debit Card,13.75,Completed
ORD0756,2026-01-13 12:00:00,CUST025,Burger House,Dessert,494.09,60,25,3.7,Credit Card,14.21,Completed
ORD0757,2026-01-14 00:00:00,CUST145,Spice Kitchen,Burger,1152.42,54,25,5.0,Cash,8.28,Completed
ORD0758,2026-01-14 12:00:00,CUST013,Spice Kitchen,Dessert,253.46,26,10,3.5,Credit Card,10.48,Cancelled
ORD0759,2026-01-15 00:00:00,CUST212,Spice Kitchen,Pizza,1328.06,27,10,3.6,Cash,11.9,Completed
ORD0760,2026-01-15 12:00:00,CUST025,Food Hub,Burger,1267.96,57,15,4.9,Credit Card,2.83,Cancelled
ORD0761,2026-01-16 00:00:00,CUST068,Spice Kitchen,Indian,441.68,31,25,3.0,UPI,9.41,Completed
ORD0762,2026-01-16 12:00:00,CUST067,Food Hub,Dessert,1242.59,31,10,4.4,Cash,1.48,Completed
ORD0763,2026-01-17 00:00:00,CUST233,Pizza Point,Dessert,1211.58,50,0,4.5,Credit Card,7.97,Completed
ORD0764,2026-01-17 12:00:00,CUST109,Burger House,Indian,1003.49,35,20,4.7,Credit Card,3.17,Completed
ORD0765,2026-01-18 00:00:00,CUST146,Food Hub,Dessert,654.25,22,0,4.9,Debit Card,3.56,Completed
ORD0766,2026-01-18 12:00:00,CUST111,Pizza Point,Indian,516.52,19,20,5.0,Cash,6.11,Completed
ORD0767,2026-01-19 00:00:00,CUST228,Food Hub,Burger,462.91,40,25,3.1,Credit Card,7.05,Completed
ORD0768,2026-01-19 12:00:00,CUST111,Food Hub,Pizza,580.12,30,15,4.6,Debit Card,9.72,Completed
ORD0769,2026-01-20 00:00:00,CUST034,Burger House,Indian,1369.8,50,10,4.3,Credit Card,2.04,Completed
ORD0770,2026-01-20 12:00:00,CUST111,Tasty Bites,Chinese,254.82,42,10,4.3,Cash,8.05,Completed
ORD0771,2026-01-21 00:00:00,CUST264,Tasty Bites,Indian,1268.98,43,10,3.3,UPI,3.56,Completed
ORD0772,2026-01-21 12:00:00,CUST236,Food Hub,Dessert,621.0,26,25,4.3,Cash,9.04,Completed
ORD0773,2026-01-22 00:00:00,CUST083,Spice Kitchen,Burger,854.16,51,20,5.0,Cash,9.92,Completed
ORD0774,2026-01-22 12:00:00,CUST042,Pizza Point,Burger,1222.56,44,10,4.8,Credit Card,8.79,Completed
ORD0775,2026-01-23 00:00:00,CUST101,Spice Kitchen,Indian,1343.91,37,0,3.9,Credit Card,11.34,Completed
ORD0776,2026-01-23 12:00:00,CUST006,Spice Kitchen,Pizza,615.45,30,10,3.1,Cash,5.7,Completed
ORD0777,2026-01-24 00:00:00,CUST180,Food Hub,Chinese,773.49,28,25,3.7,Debit Card,11.71,Completed
ORD0778,2026-01-24 12:00:00,CUST282,Food Hub,Burger,709.6,24,15,4.7,Debit Card,7.06,Completed
ORD0779,2026-01-25 00:00:00,CUST226,Food Hub,Dessert,167.89,21,0,4.4,Debit Card,7.78,Completed
ORD0780,2026-01-25 12:00:00,CUST229,Food Hub,Dessert,549.52,59,10,3.9,Credit Card,10.07,Completed
ORD0781,2026-01-26 00:00:00,CUST289,Tasty Bites,Pizza,769.91,51,10,3.1,Credit Card,1.26,Completed
ORD0782,2026-01-26 12:00:00,CUST150,Food Hub,Burger,704.98,43,5,3.9,Cash,10.16,Cancelled
ORD0783,2026-01-27 00:00:00,CUST277,Tasty Bites,Indian,1124.6,17,20,3.9,UPI,9.66,Completed
ORD0784,2026-01-27 12:00:00,CUST198,Tasty Bites,Dessert,669.48,29,0,4.9,Credit Card,5.34,Completed
ORD0785,2026-01-28 00:00:00,CUST070,Food Hub,Pizza,810.66,50,5,4.3,Cash,2.2,Completed
ORD0786,2026-01-28 12:00:00,CUST112,Burger House,Burger,729.97,60,15,3.6,Cash,2.27,Completed
ORD0787,2026-01-29 00:00:00,CUST004,Pizza Point,Burger,1149.85,33,20,4.1,UPI,13.93,Completed
ORD0788,2026-01-29 12:00:00,CUST095,Spice Kitchen,Burger,1315.01,27,0,3.1,Debit Card,10.65,Completed
ORD0789,2026-01-30 00:00:00,CUST152,Tasty Bites,Burger,868.05,56,10,4.9,Cash,2.78,Cancelled
ORD0790,2026-01-30 12:00:00,CUST137,Pizza Point,Burger,1215.73,35,0,3.7,Cash,5.99,Completed
ORD0791,2026-01-31 00:00:00,CUST247,Burger House,Dessert,550.66,51,10,4.0,Cash,9.29,Completed
ORD0792,2026-01-31 12:00:00,CUST243,Spice Kitchen,Pizza,880.85,41,20,3.7,Debit Card,12.7,Completed
ORD0793,2026-02-01 00:00:00,CUST031,Spice Kitchen,Burger,616.06,43,10,4.4,Debit Card,1.61,Completed
ORD0794,2026-02-01 12:00:00,CUST040,Tasty Bites,Chinese,709.17,34,15,4.3,UPI,4.31,Completed
ORD0795,2026-02-02 00:00:00,CUST229,Food Hub,Chinese,1138.76,39,25,4.4,Credit Card,13.46,Completed
ORD0796,2026-02-02 12:00:00,CUST036,Burger House,Pizza,1340.24,20,10,3.5,Debit Card,1.13,Completed
ORD0797,2026-02-03 00:00:00,CUST223,Tasty Bites,Indian,314.02,50,15,3.6,Credit Card,3.82,Cancelled
ORD0798,2026-02-03 12:00:00,CUST006,Burger House,Indian,1006.76,16,25,3.3,Credit Card,14.43,Completed
ORD0799,2026-02-04 00:00:00,CUST220,Food Hub,Indian,935.89,36,20,4.3,Debit Card,9.59,Completed
ORD0800,2026-02-04 12:00:00,CUST075,Food Hub,Chinese,309.86,46,20,3.1,Cash,4.66,Completed
ORD0801,2026-02-05 00:00:00,CUST004,Tasty Bites,Indian,436.06,30,0,4.2,UPI,1.94,Completed
ORD0802,2026-02-05 12:00:00,CUST134,Food Hub,Dessert,569.85,32,15,4.7,Credit Card,1.39,Completed
ORD0803,2026-02-06 00:00:00,CUST118,Pizza Point,Burger,375.36,19,15,4.8,Cash,4.43,Completed
ORD0804,2026-02-06 12:00:00,CUST094,Spice Kitchen,Chinese,479.03,50,5,3.9,Debit Card,13.34,Completed
ORD0805,2026-02-07 00:00:00,CUST062,Tasty Bites,Pizza,511.26,44,5,3.9,Credit Card,6.82,Completed
ORD0806,2026-02-07 12:00:00,CUST194,Burger House,Pizza,603.16,59,25,3.2,Credit Card,11.08,Completed
ORD0807,2026-02-08 00:00:00,CUST203,Pizza Point,Burger,1161.68,33,25,4.3,Credit Card,13.86,Completed
ORD0808,2026-02-08 12:00:00,CUST026,Tasty Bites,Chinese,922.08,37,5,4.6,Cash,6.71,Cancelled
ORD0809,2026-02-09 00:00:00,CUST173,Food Hub,Indian,1481.43,48,25,3.5,Cash,3.68,Completed
ORD0810,2026-02-09 12:00:00,CUST300,Food Hub,Indian,709.89,27,10,3.8,Cash,8.24,Completed
ORD0811,2026-02-10 00:00:00,CUST133,Food Hub,Dessert,1167.72,57,5,4.7,Credit Card,13.71,Completed
ORD0812,2026-02-10 12:00:00,CUST118,Food Hub,Dessert,1326.48,43,15,4.8,Credit Card,12.26,Completed
ORD0813,2026-02-11 00:00:00,CUST275,Burger House,Indian,1066.62,50,10,3.5,UPI,1.92,Completed
ORD0814,2026-02-11 12:00:00,CUST212,Pizza Point,Pizza,706.02,36,25,4.1,UPI,10.7,Completed
ORD0815,2026-02-12 00:00:00,CUST225,Spice Kitchen,Pizza,1167.35,50,20,3.4,Cash,9.01,Completed
ORD0816,2026-02-12 12:00:00,CUST020,Burger House,Dessert,424.95,23,0,3.2,Cash,13.7,Completed
ORD0817,2026-02-13 00:00:00,CUST113,Burger House,Burger,592.2,53,5,4.8,Debit Card,2.71,Completed
ORD0818,2026-02-13 12:00:00,CUST140,Spice Kitchen,Indian,888.03,33,20,4.6,Cash,8.48,Completed
ORD0819,2026-02-14 00:00:00,CUST047,Spice Kitchen,Dessert,926.8,52,25,4.5,UPI,13.31,Completed
ORD0820,2026-02-14 12:00:00,CUST001,Food Hub,Dessert,179.89,20,15,3.1,UPI,6.74,Completed
ORD0821,2026-02-15 00:00:00,CUST090,Burger House,Indian,1425.9,29,0,4.7,UPI,7.75,Completed
ORD0822,2026-02-15 12:00:00,CUST142,Tasty Bites,Indian,1090.45,34,20,3.9,Credit Card,1.99,Completed
ORD0823,2026-02-16 00:00:00,CUST038,Spice Kitchen,Pizza,819.2,23,0,3.7,Credit Card,4.89,Cancelled
ORD0824,2026-02-16 12:00:00,CUST293,Spice Kitchen,Burger,1409.72,46,5,4.1,Cash,5.54,Completed
ORD0825,2026-02-17 00:00:00,CUST139,Pizza Point,Burger,742.78,18,25,3.2,Debit Card,14.23,Completed
ORD0826,2026-02-17 12:00:00,CUST259,Tasty Bites,Indian,1473.59,32,15,4.5,Debit Card,4.96,Completed
ORD0827,2026-02-18 00:00:00,CUST161,Tasty Bites,Chinese,841.58,19,25,4.2,Debit Card,7.45,Completed
ORD0828,2026-02-18 12:00:00,CUST178,Spice Kitchen,Dessert,304.29,34,0,3.4,Credit Card,10.4,Cancelled
ORD0829,2026-02-19 00:00:00,CUST010,Food Hub,Dessert,1182.48,37,20,3.4,UPI,3.27,Completed
ORD0830,2026-02-19 12:00:00,CUST261,Pizza Point,Indian,1066.51,25,5,3.4,UPI,7.81,Completed
ORD0831,2026-02-20 00:00:00,CUST138,Tasty Bites,Chinese,1193.53,51,5,3.1,Credit Card,11.34,Completed
ORD0832,2026-02-20 12:00:00,CUST172,Spice Kitchen,Pizza,1434.45,36,25,4.2,Debit Card,13.14,Completed
ORD0833,2026-02-21 00:00:00,CUST013,Tasty Bites,Indian,1198.26,18,20,4.7,Debit Card,9.77,Cancelled
ORD0834,2026-02-21 12:00:00,CUST168,Pizza Point,Indian,975.3,43,20,3.0,Cash,10.37,Completed
ORD0835,2026-02-22 00:00:00,CUST130,Pizza Point,Dessert,1307.37,58,0,3.1,Cash,2.77,Completed
ORD0836,2026-02-22 12:00:00,CUST084,Burger House,Indian,1058.88,48,25,4.1,Debit Card,14.24,Completed
ORD0837,2026-02-23 00:00:00,CUST101,Spice Kitchen,Indian,700.96,27,25,4.6,Credit Card,2.86,Completed
ORD0838,2026-02-23 12:00:00,CUST273,Pizza Point,Indian,1345.59,56,10,3.7,Debit Card,11.85,Completed
ORD0839,2026-02-24 00:00:00,CUST265,Burger House,Dessert,449.57,23,25,3.7,Cash,4.71,Completed
ORD0840,2026-02-24 12:00:00,CUST038,Burger House,Pizza,1114.77,56,5,4.2,Debit Card,14.07,Cancelled
ORD0841,2026-02-25 00:00:00,CUST094,Tasty Bites,Pizza,1340.11,45,0,3.5,Credit Card,11.08,Completed
ORD0842,2026-02-25 12:00:00,CUST095,Tasty Bites,Indian,1137.28,21,20,3.1,UPI,11.55,Completed
ORD0843,2026-02-26 00:00:00,CUST069,Burger House,Dessert,1091.32,18,25,4.5,Credit Card,4.07,Cancelled
ORD0844,2026-02-26 12:00:00,CUST236,Tasty Bites,Pizza,1166.06,33,0,4.3,Credit Card,7.2,Completed
ORD0845,2026-02-27 00:00:00,CUST137,Pizza Point,Pizza,777.82,56,25,4.2,Cash,9.65,Completed
ORD0846,2026-02-27 12:00:00,CUST076,Food Hub,Pizza,1330.13,44,20,4.5,Credit Card,11.78,Completed
ORD0847,2026-02-28 00:00:00,CUST035,Pizza Point,Dessert,424.64,45,15,4.4,Credit Card,2.46,Completed
ORD0848,2026-02-28 12:00:00,CUST001,Burger House,Dessert,321.97,49,20,3.4,Cash,14.47,Completed
ORD0849,2026-03-01 00:00:00,CUST296,Burger House,Indian,535.44,35,20,3.7,Cash,13.46,Cancelled
ORD0850,2026-03-01 12:00:00,CUST060,Pizza Point,Burger,867.63,45,20,3.3,UPI,4.78,Completed
ORD0851,2026-03-02 00:00:00,CUST267,Tasty Bites,Pizza,839.26,33,25,3.3,Debit Card,12.52,Completed
ORD0852,2026-03-02 12:00:00,CUST229,Tasty Bites,Burger,1257.81,45,10,4.4,Credit Card,8.26,Completed
ORD0853,2026-03-03 00:00:00,CUST270,Burger House,Dessert,696.17,46,20,4.7,Cash,7.47,Completed
ORD0854,2026-03-03 12:00:00,CUST286,Spice Kitchen,Dessert,803.86,16,5,4.9,UPI,5.4,Completed
ORD0855,2026-03-04 00:00:00,CUST291,Tasty Bites,Dessert,168.05,24,5,4.3,Debit Card,9.13,Completed
ORD0856,2026-03-04 12:00:00,CUST213,Pizza Point,Burger,703.15,16,0,3.4,Cash,11.22,Cancelled
ORD0857,2026-03-05 00:00:00,CUST165,Tasty Bites,Dessert,1024.5,16,10,3.2,Debit Card,6.75,Completed
ORD0858,2026-03-05 12:00:00,CUST005,Pizza Point,Indian,170.94,38,0,4.6,Debit Card,9.81,Completed
ORD0859,2026-03-06 00:00:00,CUST078,Burger House,Dessert,529.19,31,5,4.2,Credit Card,10.79,Completed
ORD0860,2026-03-06 12:00:00,CUST062,Tasty Bites,Chinese,430.74,46,5,4.2,Credit Card,10.96,Completed
ORD0861,2026-03-07 00:00:00,CUST132,Pizza Point,Burger,206.68,30,15,4.6,Cash,1.73,Completed
ORD0862,2026-03-07 12:00:00,CUST089,Burger House,Chinese,797.0,30,20,4.4,Debit Card,13.04,Completed
ORD0863,2026-03-08 00:00:00,CUST237,Spice Kitchen,Dessert,395.33,60,5,4.7,Cash,7.42,Completed
ORD0864,2026-03-08 12:00:00,CUST042,Pizza Point,Indian,1153.16,53,25,3.1,Cash,4.67,Completed
ORD0865,2026-03-09 00:00:00,CUST089,Spice Kitchen,Pizza,1294.7,45,25,4.5,Debit Card,4.38,Completed
ORD0866,2026-03-09 12:00:00,CUST296,Spice Kitchen,Dessert,886.54,57,0,4.7,Cash,7.76,Completed
ORD0867,2026-03-10 00:00:00,CUST295,Food Hub,Indian,1475.3,38,0,3.6,Debit Card,13.42,Completed
ORD0868,2026-03-10 12:00:00,CUST104,Tasty Bites,Burger,758.15,15,20,4.3,Debit Card,6.3,Completed
ORD0869,2026-03-11 00:00:00,CUST014,Pizza Point,Chinese,843.05,25,20,3.6,Debit Card,11.5,Completed
ORD0870,2026-03-11 12:00:00,CUST288,Spice Kitchen,Chinese,1485.44,35,15,4.9,Debit Card,2.36,Completed
ORD0871,2026-03-12 00:00:00,CUST179,Food Hub,Chinese,462.59,18,10,3.1,UPI,7.66,Completed
ORD0872,2026-03-12 12:00:00,CUST125,Burger House,Burger,1422.44,21,0,4.2,Debit Card,14.88,Completed
ORD0873,2026-03-13 00:00:00,CUST023,Pizza Point,Indian,207.83,40,20,3.3,Credit Card,11.79,Completed
ORD0874,2026-03-13 12:00:00,CUST063,Spice Kitchen,Burger,752.62,26,0,4.4,Credit Card,3.95,Completed
ORD0875,2026-03-14 00:00:00,CUST143,Tasty Bites,Chinese,244.5,45,20,3.4,Credit Card,8.02,Completed
ORD0876,2026-03-14 12:00:00,CUST153,Food Hub,Dessert,1134.47,31,5,3.5,Debit Card,4.27,Completed
ORD0877,2026-03-15 00:00:00,CUST145,Spice Kitchen,Pizza,971.35,47,0,4.0,Credit Card,6.73,Completed
ORD0878,2026-03-15 12:00:00,CUST225,Tasty Bites,Burger,1103.96,25,5,4.8,UPI,11.92,Completed
ORD0879,2026-03-16 00:00:00,CUST104,Spice Kitchen,Burger,655.55,42,0,3.4,Cash,11.8,Cancelled
ORD0880,2026-03-16 12:00:00,CUST104,Pizza Point,Indian,648.8,46,10,3.3,Debit Card,4.19,Completed
ORD0881,2026-03-17 00:00:00,CUST039,Pizza Point,Indian,211.18,15,15,4.5,Credit Card,13.91,Completed
ORD0882,2026-03-17 12:00:00,CUST198,Pizza Point,Burger,622.43,42,25,4.0,UPI,9.3,Completed
ORD0883,2026-03-18 00:00:00,CUST134,Food Hub,Chinese,1404.54,56,25,4.8,Cash,6.32,Cancelled
ORD0884,2026-03-18 12:00:00,CUST067,Pizza Point,Pizza,661.96,21,25,3.3,UPI,8.03,Completed
ORD0885,2026-03-19 00:00:00,CUST179,Tasty Bites,Indian,1272.35,16,5,4.3,Credit Card,9.47,Completed
ORD0886,2026-03-19 12:00:00,CUST042,Spice Kitchen,Chinese,1287.14,56,20,3.5,UPI,8.84,Completed
ORD0887,2026-03-20 00:00:00,CUST015,Burger House,Dessert,653.88,38,25,3.3,Cash,7.81,Completed
ORD0888,2026-03-20 12:00:00,CUST111,Tasty Bites,Indian,1003.18,18,10,4.4,Credit Card,8.07,Completed
ORD0889,2026-03-21 00:00:00,CUST157,Tasty Bites,Chinese,278.75,58,25,4.2,Cash,3.47,Completed
ORD0890,2026-03-21 12:00:00,CUST289,Pizza Point,Chinese,289.97,33,0,4.5,UPI,12.38,Completed
ORD0891,2026-03-22 00:00:00,CUST231,Food Hub,Pizza,215.69,40,5,3.6,Debit Card,8.58,Completed
ORD0892,2026-03-22 12:00:00,CUST157,Spice Kitchen,Pizza,934.37,25,0,3.9,Debit Card,2.84,Completed
ORD0893,2026-03-23 00:00:00,CUST038,Food Hub,Dessert,725.2,54,0,3.8,Debit Card,11.73,Completed
ORD0894,2026-03-23 12:00:00,CUST097,Spice Kitchen,Chinese,889.84,57,0,5.0,Debit Card,14.05,Completed
ORD0895,2026-03-24 00:00:00,CUST289,Spice Kitchen,Chinese,853.45,25,15,3.6,Cash,14.26,Completed
ORD0896,2026-03-24 12:00:00,CUST254,Food Hub,Pizza,622.77,59,15,3.6,Debit Card,6.17,Completed
ORD0897,2026-03-25 00:00:00,CUST196,Tasty Bites,Indian,1064.59,17,20,3.7,Cash,2.9,Completed
ORD0898,2026-03-25 12:00:00,CUST086,Spice Kitchen,Indian,1173.98,26,5,4.1,Credit Card,8.26,Cancelled
ORD0899,2026-03-26 00:00:00,CUST010,Food Hub,Burger,169.75,17,10,3.5,Debit Card,2.58,Completed
ORD0900,2026-03-26 12:00:00,CUST005,Spice Kitchen,Pizza,429.78,56,10,4.8,Cash,14.08,Completed
ORD0901,2026-03-27 00:00:00,CUST123,Burger House,Burger,1112.87,41,10,3.5,Debit Card,3.57,Completed
ORD0902,2026-03-27 12:00:00,CUST118,Tasty Bites,Pizza,671.94,16,0,4.8,Debit Card,4.54,Completed
ORD0903,2026-03-28 00:00:00,CUST294,Pizza Point,Dessert,1044.35,30,15,3.2,Debit Card,6.69,Completed
ORD0904,2026-03-28 12:00:00,CUST159,Spice Kitchen,Chinese,618.4,16,5,4.3,Cash,6.36,Completed
ORD0905,2026-03-29 00:00:00,CUST228,Burger House,Dessert,677.52,44,0,4.8,UPI,12.13,Completed
ORD0906,2026-03-29 12:00:00,CUST216,Pizza Point,Pizza,364.22,34,15,3.3,Debit Card,7.39,Completed
ORD0907,2026-03-30 00:00:00,CUST184,Pizza Point,Chinese,498.61,52,15,4.9,Debit Card,3.39,Completed
ORD0908,2026-03-30 12:00:00,CUST015,Spice Kitchen,Indian,967.31,42,25,3.9,Credit Card,4.74,Completed
ORD0909,2026-03-31 00:00:00,CUST157,Food Hub,Indian,734.77,39,25,4.9,UPI,8.13,Completed
ORD0910,2026-03-31 12:00:00,CUST136,Spice Kitchen,Burger,1195.31,46,5,4.4,Cash,3.06,Completed
ORD0911,2026-04-01 00:00:00,CUST261,Burger House,Pizza,1300.99,24,5,3.6,Credit Card,9.56,Completed
ORD0912,2026-04-01 12:00:00,CUST157,Pizza Point,Pizza,881.22,56,5,3.4,Debit Card,8.92,Completed
ORD0913,2026-04-02 00:00:00,CUST047,Spice Kitchen,Indian,1173.66,54,0,3.6,Credit Card,11.01,Completed
ORD0914,2026-04-02 12:00:00,CUST173,Food Hub,Dessert,564.32,47,20,3.2,Credit Card,14.13,Completed
ORD0915,2026-04-03 00:00:00,CUST130,Spice Kitchen,Chinese,710.21,27,5,3.3,Debit Card,13.77,Completed
ORD0916,2026-04-03 12:00:00,CUST095,Tasty Bites,Dessert,1112.25,55,25,3.2,UPI,14.25,Completed
ORD0917,2026-04-04 00:00:00,CUST115,Food Hub,Dessert,671.39,56,20,3.8,UPI,4.43,Completed
ORD0918,2026-04-04 12:00:00,CUST243,Burger House,Indian,944.48,51,0,4.6,Credit Card,2.84,Completed
ORD0919,2026-04-05 00:00:00,CUST292,Pizza Point,Indian,400.25,30,20,3.3,Debit Card,5.23,Completed
ORD0920,2026-04-05 12:00:00,CUST282,Spice Kitchen,Indian,959.69,59,10,3.3,Cash,13.53,Completed
ORD0921,2026-04-06 00:00:00,CUST299,Food Hub,Burger,1313.04,36,20,4.3,Credit Card,14.61,Completed
ORD0922,2026-04-06 12:00:00,CUST283,Tasty Bites,Dessert,1322.66,34,5,3.4,Cash,13.03,Completed
ORD0923,2026-04-07 00:00:00,CUST069,Food Hub,Pizza,1127.86,57,0,3.2,Credit Card,2.54,Completed
ORD0924,2026-04-07 12:00:00,CUST148,Tasty Bites,Chinese,1156.77,41,5,3.3,Credit Card,14.26,Completed
ORD0925,2026-04-08 00:00:00,CUST011,Burger House,Burger,903.2,55,25,4.8,Debit Card,6.93,Completed
ORD0926,2026-04-08 12:00:00,CUST254,Pizza Point,Pizza,939.3,30,10,4.6,Debit Card,1.13,Completed
ORD0927,2026-04-09 00:00:00,CUST038,Burger House,Dessert,330.43,48,25,3.7,Cash,7.19,Completed
ORD0928,2026-04-09 12:00:00,CUST134,Spice Kitchen,Indian,749.21,46,5,4.3,Cash,1.64,Completed
ORD0929,2026-04-10 00:00:00,CUST200,Food Hub,Dessert,758.55,40,5,4.1,UPI,8.61,Completed
ORD0930,2026-04-10 12:00:00,CUST023,Tasty Bites,Chinese,1443.97,39,5,4.4,Debit Card,5.74,Completed
ORD0931,2026-04-11 00:00:00,CUST218,Tasty Bites,Burger,731.97,16,15,4.4,Credit Card,7.63,Completed
ORD0932,2026-04-11 12:00:00,CUST141,Food Hub,Burger,891.61,26,10,4.3,Credit Card,9.58,Completed
ORD0933,2026-04-12 00:00:00,CUST104,Food Hub,Chinese,869.89,54,5,3.5,UPI,13.16,Completed
ORD0934,2026-04-12 12:00:00,CUST210,Spice Kitchen,Pizza,1009.63,23,5,3.1,Debit Card,10.27,Completed
ORD0935,2026-04-13 00:00:00,CUST111,Burger House,Pizza,1160.11,26,25,3.9,Credit Card,7.08,Completed
ORD0936,2026-04-13 12:00:00,CUST104,Tasty Bites,Burger,453.81,40,25,4.8,UPI,12.47,Completed
ORD0937,2026-04-14 00:00:00,CUST171,Spice Kitchen,Burger,863.78,23,5,4.1,UPI,13.68,Completed
ORD0938,2026-04-14 12:00:00,CUST133,Burger House,Indian,1264.99,24,0,4.7,Credit Card,2.68,Completed
ORD0939,2026-04-15 00:00:00,CUST293,Spice Kitchen,Pizza,775.2,46,15,5.0,Credit Card,8.45,Completed
ORD0940,2026-04-15 12:00:00,CUST127,Tasty Bites,Chinese,525.92,48,25,3.3,Cash,4.98,Completed
ORD0941,2026-04-16 00:00:00,CUST106,Food Hub,Pizza,1033.86,34,0,4.4,Debit Card,1.66,Completed
ORD0942,2026-04-16 12:00:00,CUST092,Food Hub,Indian,1262.09,53,15,4.3,Cash,10.36,Completed
ORD0943,2026-04-17 00:00:00,CUST287,Burger House,Burger,235.24,16,5,5.0,UPI,13.08,Completed
ORD0944,2026-04-17 12:00:00,CUST051,Pizza Point,Burger,1198.67,15,10,5.0,Credit Card,3.28,Completed
ORD0945,2026-04-18 00:00:00,CUST029,Burger House,Indian,1259.22,50,20,4.4,Cash,12.37,Completed
ORD0946,2026-04-18 12:00:00,CUST296,Pizza Point,Chinese,773.06,38,20,3.5,UPI,12.95,Cancelled
ORD0947,2026-04-19 00:00:00,CUST297,Spice Kitchen,Burger,1477.46,41,5,4.6,Debit Card,13.8,Cancelled
ORD0948,2026-04-19 12:00:00,CUST214,Spice Kitchen,Dessert,1212.06,16,25,3.2,Credit Card,4.71,Completed
ORD0949,2026-04-20 00:00:00,CUST267,Tasty Bites,Burger,1194.44,45,0,4.6,Cash,13.66,Completed
ORD0950,2026-04-20 12:00:00,CUST257,Pizza Point,Dessert,1159.58,28,10,4.8,Debit Card,5.49,Completed
ORD0951,2026-04-21 00:00:00,CUST101,Tasty Bites,Indian,353.32,16,15,3.8,Cash,8.73,Completed
ORD0952,2026-04-21 12:00:00,CUST110,Food Hub,Indian,443.26,43,5,4.3,UPI,1.71,Completed
ORD0953,2026-04-22 00:00:00,CUST182,Pizza Point,Burger,776.39,29,10,3.9,Debit Card,1.61,Cancelled
ORD0954,2026-04-22 12:00:00,CUST001,Burger House,Pizza,506.41,26,10,3.9,Cash,11.09,Completed
ORD0955,2026-04-23 00:00:00,CUST055,Food Hub,Dessert,710.58,51,25,3.6,Debit Card,7.22,Completed
ORD0956,2026-04-23 12:00:00,CUST149,Food Hub,Chinese,1349.43,42,15,4.5,UPI,4.59,Completed
ORD0957,2026-04-24 00:00:00,CUST137,Burger House,Burger,1262.84,34,10,4.9,Debit Card,3.67,Completed
ORD0958,2026-04-24 12:00:00,CUST202,Food Hub,Chinese,1000.55,53,25,4.9,Cash,10.38,Completed
ORD0959,2026-04-25 00:00:00,CUST117,Pizza Point,Burger,1308.46,38,0,3.3,UPI,1.01,Completed
ORD0960,2026-04-25 12:00:00,CUST154,Tasty Bites,Pizza,1208.09,35,25,4.7,Credit Card,12.28,Completed
ORD0961,2026-04-26 00:00:00,CUST291,Food Hub,Pizza,729.13,24,0,4.5,Cash,2.11,Completed
ORD0962,2026-04-26 12:00:00,CUST063,Pizza Point,Pizza,421.44,60,0,3.5,Cash,3.68,Completed
ORD0963,2026-04-27 00:00:00,CUST244,Spice Kitchen,Pizza,844.17,28,10,3.1,UPI,6.41,Completed
ORD0964,2026-04-27 12:00:00,CUST025,Pizza Point,Indian,1143.91,51,25,3.5,UPI,7.79,Completed
ORD0965,2026-04-28 00:00:00,CUST090,Tasty Bites,Indian,739.17,32,0,4.8,Credit Card,5.97,Completed
ORD0966,2026-04-28 12:00:00,CUST075,Pizza Point,Dessert,1050.14,38,15,4.3,Cash,5.49,Completed
ORD0967,2026-04-29 00:00:00,CUST294,Burger House,Chinese,277.34,28,10,4.4,UPI,14.49,Completed
ORD0968,2026-04-29 12:00:00,CUST210,Tasty Bites,Burger,1159.81,48,25,3.5,Credit Card,9.98,Completed
ORD0969,2026-04-30 00:00:00,CUST017,Spice Kitchen,Burger,1247.16,26,25,4.4,Credit Card,1.33,Completed
ORD0970,2026-04-30 12:00:00,CUST128,Burger House,Indian,1104.23,36,20,3.1,UPI,7.02,Completed
ORD0971,2026-05-01 00:00:00,CUST251,Pizza Point,Burger,1455.81,20,25,3.8,Cash,13.25,Completed
ORD0972,2026-05-01 12:00:00,CUST179,Tasty Bites,Indian,1265.98,50,10,4.3,Debit Card,5.22,Completed
ORD0973,2026-05-02 00:00:00,CUST182,Spice Kitchen,Dessert,1369.18,59,15,3.3,Debit Card,2.32,Completed
ORD0974,2026-05-02 12:00:00,CUST152,Burger House,Chinese,1410.32,50,25,4.6,Credit Card,11.62,Completed
ORD0975,2026-05-03 00:00:00,CUST025,Spice Kitchen,Dessert,1231.82,36,20,3.5,Debit Card,9.48,Completed
ORD0976,2026-05-03 12:00:00,CUST180,Pizza Point,Pizza,1060.25,28,10,4.3,Debit Card,8.98,Completed
ORD0977,2026-05-04 00:00:00,CUST198,Spice Kitchen,Pizza,157.72,30,0,3.8,UPI,1.75,Cancelled
ORD0978,2026-05-04 12:00:00,CUST161,Food Hub,Pizza,778.86,50,5,4.2,Credit Card,2.97,Completed
ORD0979,2026-05-05 00:00:00,CUST177,Burger House,Dessert,921.07,39,5,3.2,Cash,9.72,Completed
ORD0980,2026-05-05 12:00:00,CUST285,Spice Kitchen,Burger,560.44,46,0,3.0,Credit Card,3.91,Completed
ORD0981,2026-05-06 00:00:00,CUST063,Pizza Point,Chinese,579.44,47,25,4.8,UPI,8.06,Completed
ORD0982,2026-05-06 12:00:00,CUST150,Pizza Point,Pizza,1447.57,59,5,3.5,Debit Card,8.63,Completed
ORD0983,2026-05-07 00:00:00,CUST154,Spice Kitchen,Pizza,1353.81,50,5,4.6,Cash,4.97,Completed
ORD0984,2026-05-07 12:00:00,CUST156,Pizza Point,Pizza,1296.39,34,0,5.0,Credit Card,14.28,Completed
ORD0985,2026-05-08 00:00:00,CUST049,Tasty Bites,Chinese,698.12,32,25,3.4,Debit Card,12.79,Completed
ORD0986,2026-05-08 12:00:00,CUST084,Tasty Bites,Pizza,168.49,52,25,3.5,Credit Card,11.11,Cancelled
ORD0987,2026-05-09 00:00:00,CUST177,Tasty Bites,Chinese,258.3,17,0,4.3,Cash,2.09,Completed
ORD0988,2026-05-09 12:00:00,CUST148,Food Hub,Pizza,571.47,37,25,4.9,Credit Card,2.49,Completed
ORD0989,2026-05-10 00:00:00,CUST118,Spice Kitchen,Dessert,171.25,46,25,4.8,Credit Card,7.9,Completed
ORD0990,2026-05-10 12:00:00,CUST063,Food Hub,Dessert,173.15,59,10,4.0,Credit Card,3.25,Completed
ORD0991,2026-05-11 00:00:00,CUST189,Pizza Point,Chinese,1387.41,30,10,4.6,Debit Card,14.7,Completed
ORD0992,2026-05-11 12:00:00,CUST049,Food Hub,Dessert,1103.31,19,0,3.3,Cash,3.22,Completed
ORD0993,2026-05-12 00:00:00,CUST257,Pizza Point,Chinese,567.09,18,15,5.0,Cash,7.82,Completed
ORD0994,2026-05-12 12:00:00,CUST224,Pizza Point,Dessert,329.07,35,5,4.9,Debit Card,6.1,Completed
ORD0995,2026-05-13 00:00:00,CUST141,Burger House,Dessert,840.71,54,10,3.3,Debit Card,9.95,Completed
ORD0996,2026-05-13 12:00:00,CUST215,Tasty Bites,Chinese,157.22,28,5,3.6,Debit Card,2.81,Completed
ORD0997,2026-05-14 00:00:00,CUST211,Pizza Point,Burger,1416.86,53,20,3.2,UPI,7.02,Completed
ORD0998,2026-05-14 12:00:00,CUST032,Burger House,Dessert,710.0,45,0,3.5,Credit Card,4.85,Completed
ORD0999,2026-05-15 00:00:00,CUST158,Tasty Bites,Pizza,693.15,28,15,4.6,Credit Card,13.43,Completed
ORD1000,2026-05-15 12:00:00,CUST285,Pizza Point,Burger,677.3,20,20,3.8,Cash,1.57,Completed
